"card_name","issuer","card_type","annual_fee","annual_fee_year_1","annual_fee_year_2_plus","reward_model","rewards_type","card_family","cashback_rate_display","cashback_rate_effective","signup_bonus","signup_bonus_type","estimated_bonus_value_usd","minimum_spend_amount","bonus_to_spend_ratio","spend_time_frame","intro_apr_purchase","foreign_tx_fee","best_for","why_this_card_exiss","pros","cons","application_link","ftf","lounge","ge_tsa_precheck","special_feature_1","special_feature_2","gas_rate","grocery_rate","restaurant_rate","travel_airline_rate","travel_hotel_rate","travel_portal_rate","other_rate","rotating_categories","transfer_partners","credit_score_quantity","credit_score_quality"
"Chase Freedom Unlimited","Chase","personal","0.0","0.0","0.0","cashback","Cash","Freedom ","5 / 3 / 1.5","1.8","250","dollars","$250","$500","0.4","3.0","0% for 15 months","Yes","Everyday spending with no annual fee and solid category bonuses","Bridges no-fee simplicity with Chase Ultimate Rewards ecosystem for future flexibility","• 5% rotating categories (quarterly) ✓ • 1.5% base rate ✓ • Pairs with Sapphire ✓","• Foreign transaction fee 🌍 • Quarterly activation required • Bonus caps","https://creditcards.chase.com/cash-back-credit-cards/freedom/unlimited","3%","","","6mo DashPass","$10/qtr DoorDash","3.0","1.0","3.0","2.0","2.0","5.0","1.5","no","","700","good"
"Chase Freedom Flex","Chase","personal","0.0","0.0","0.0","cashback","Cash","Freedom ","5 / 3 / 1","1.6","200.0","dollars","200.0","$500","0.4","3.0","0% for 15 months","Yes","Maximizing quarterly 5% categories without annual fee","Offers high earning potential in rotating categories for organized spenders","• 5% quarterly rotating categories ✓ • 3% drugstores, dining ✓ • No annual fee ✓","• Quarterly activation required • $1,500/qtr cap • Foreign transaction fee 🌍","https://creditcards.chase.com/cash-back-credit-cards/freedom/flex","3%","","","Cell phone protection","6mo DashPass","5.0","5.0","3.0","1.0","1.0","5.0","1.0","yes","","700","good"
"Chase Amazon Prime Visa","Chase","personal","0.0","0.0","0.0","cashback","Cash","","5 / 2 / 1","1.8","150.0","dollars","150.0","$0","","0.0","","No","Heavy Amazon shoppers and Prime members","Captures Amazon's massive user base with best-in-class earning on Amazon purchases","• 5% Amazon and Whole Foods ✓ • 2% restaurants, gas, drugstores ✓ • No annual fee ✓","• Requires Prime membership ⚠️ • Foreign transaction fee 🌍 • Value drops without Prime","https://creditcards.chase.com/cash-back-credit-cards/amazon-prime-rewards","0%","","","$150 gift card on approval","","2.0","1.0","1.0","1.0","1.0","1.0","1.0","no","","700","good"
"Chase Freedom Rise","Chase","personal","0.0","0.0","0.0","cashback","Cash","Freedom ","1.5","1.5","25","dollars","25.0","$0","","3 months from account opening","","Yes","Credit builders seeking simple flat-rate rewards","Entry point into Chase ecosystem for customers with limited or rebuilding credit","• No annual fee ✓ • Fair-credit approval ✓ • 1.5% earning ✓","• Low 1.5% rate • Foreign transaction fee 🌍 • No intro APR","https://creditcards.chase.com/cash-back-credit-cards/freedom/rise","3%","","","$25 for autopay enrollment","","1.0","1.0","1.0","1.0","1.0","1.0","1.0","no","","640","ok"
"Chase Sapphire Preferred","Chase","personal","95.0","95.0","95.0","travel","Ultimate Rewards (UR)","Sapphire ","","0.5","75000.0","points","750.0","$5,000","0.15","3.0","","No","Travelers wanting premium perks without luxury-tier fees","Gateway travel card balancing strong earning transfer partners and manageable annual fee","• 60k+ welcome bonus ✓ • Transferable to 14+ partners ✓ • 3× dining, 2× travel ✓","• $95 annual fee 💰 • Less lounge access than Reserve • Portal favors Chase","https://creditcards.chase.com/rewards-credit-cards/sapphire/preferred","0%","","","$50 hotel credit/yr","10% anniversary bonus","1.0","3.0","3.0","2.0","2.0","5.0","1.0","no","United;Southwest;JetBlue;Air Canada;British Airways;Iberia;Aer Lingus;Virgin Atlantic;Flying Blue;Emirates;Singapore;Hyatt;Marriott;IHG","700","good"
"Chase Sapphire Reserve","Chase","personal","795.0","795.0","795.0","travel","Ultimate Rewards (UR)","Sapphire ","","0.5","125000.0","points","1250.0","$6,000","0.2083","3.0","","No","Frequent travelers who value lounge access and premium travel benefits","Flagship personal travel card for customers prioritizing experience over cost","• $300 travel credit ✓ • Priority Pass lounges ✓ • 1.5× portal boost ✓","• $795 annual fee 💰 • Needs heavy travel to justify • Credits need optimization","https://creditcards.chase.com/rewards-credit-cards/sapphire/reserve","0%","Priority Pass + Chase lounges","Yes ($120/4yr)","$300 travel credit","$500 The Edit hotel credit","1.0","1.0","3.0","3.0","3.0","10.0","1.0","no","United;Southwest;JetBlue;Air Canada;British Airways;Iberia;Aer Lingus;Virgin Atlantic;Flying Blue;Emirates;Singapore;Hyatt;Marriott;IHG","740","great"
"Chase Ink Cash","Chase","business","0.0","0.0","0.0","cashback","Cash","Ink ","5 / 2 / 1","2.0","750.0","dollars","750.0","$6,000","0.125","3.0","0% for 12 months","No","Small businesses with heavy office supply telecom or gas spending","Maximizes cash back in core small-business spend categories without annual cost","• 5% office, internet, cable, phone ✓ • 2% gas, dining ✓ • No annual fee ✓","• 5% capped at $25k/yr • Foreign transaction fee 🌍 • Weak outside categories","https://creditcards.chase.com/business-credit-cards/ink/cash","0%","","","5% Lyft thru 9/27","","5.0","2.0","1.0","1.0","1.0","1.0","1.0","no","","700","good"
"Chase Ink Unlimited","Chase","business","0.0","0.0","0.0","cashback","Cash","Ink ","1.5","1.5","750.0","dollars","750.0","$6,000","0.125","3.0","0% for 12 months","No","Businesses wanting simple flat-rate cash back on all purchases","Simplifies business spend tracking with unlimited flat earning and no annual fee","• 1.5% on all purchases ✓ • No annual fee ✓ • Doesn't count toward 5/24 ✓","• No category bonuses • Foreign transaction fee 🌍 • Lower earning ceiling","https://creditcards.chase.com/business-credit-cards/ink/unlimited","0%","","","5% Lyft thru 9/27","","1.0","1.0","1.0","1.0","1.0","1.0","1.0","no","","700","good"
"United Gateway Card","Chase","personal","0.0","0.0","0.0","airline","United Miles","United ","2 / 1","1.4","40000","miles","300.0","$1,000","0.3","3.0","0% for 12 months","No","Occasional United flyers wanting United perks without annual fee commitment","Brings United co-brand benefits to cost-conscious travelers flying a few times per year","• No annual fee ✓ • 2× United ✓ • Bonus miles on anniversary ✓","• No free checked bag ✈️ • Smaller welcome bonus • Limited perks","https://creditcards.chase.com/travel-credit-cards/united/united-gateway","0%","","","2 checked bags after $10k/yr","25% back inflight","2.0","1.0","1.0","2.0","1.0","1.0","1.0","no","United","700","good"
"United Club Infinite Card","Chase","personal","695.0","695.0","695.0","airline","United Miles","United ","4 / 2 / 1","0.5","110000","miles","900.0","$5,000","0.18","3.0","","No","Road warriors flying United weekly who live in United Club lounges","Top-tier United card for heavy flyers needing premium lounge access and elite-qualifying benefits","• United Club included (~$650 value) ✓ • 4× United ✓ • Free checked bags ✓","• $695 annual fee 💰 • Needs frequent United travel • Niche outside United hubs","https://creditcards.chase.com/travel-credit-cards/united/club-infinite","0%","United Club included","Yes ($120/4yr)","Free 1st+2nd checked bags","Over $875 annual credits","2.0","1.0","1.0","5.0","1.0","1.0","1.0","no","United","740","great"
"Southwest Rapid Rewards Plus","Chase","personal","99.0","99.0","99.0","airline","Southwest Rapid Rewards","Southwest ","2 / 2 / 1","0.5","50000.0","miles","500.0","$1,000","0.5","3.0","","No","Occasional Southwest flyers wanting lowest annual fee and Companion Pass qualification","Entry Southwest personal card with first bag free and anniversary points at the lowest fee among Chase Southwest cards","• 3,000 anniversary pts ✓ • 2× Southwest ✓ • 2× gas and grocery (first $5k/yr) ✓ • First bag free ✓ • 10% flight discount yearly ✓ • Companion Pass qualification ✓ • No foreign transaction fee ✓","• $99 annual fee 💰 • Fewer perks than Premier or Priority • No TSA PreCheck credit","https://creditcards.chase.com/southwest/plus-credit-card","0%","","","3,000 pts anniversary","10% flight discount yearly","1.0","1.0","1.0","2.0","1.0","1.0","1.0","no","Southwest","700","good"
"Southwest Rapid Rewards Priority","Chase","personal","229.0","229.0","229.0","airline","Southwest Rapid Rewards","Southwest ","4 / 2 / 1","0.5","55000","miles","500.0","$1,500","0.5","3.0","","No","Regular Southwest flyers seeking annual credits and anniversary points","Mid-premium Southwest card balancing cost and perks for several trips per year","• $75 Southwest credit ✓ • 7,500 anniversary pts ✓ • 4× Southwest ✓ • No foreign transaction fee ✓","• $229 annual fee 💰 • Needs regular Southwest use • Credits expire annually","https://creditcards.chase.com/southwest/priority-credit-card","0%","","","$75 Southwest credit","7,500 pts anniversary","1.0","1.0","1.0","3.0","1.0","1.0","1.0","no","Southwest","700","good"
"Southwest Rapid Rewards Premier","Chase","personal","149.0","149.0","149.0","airline","Southwest Rapid Rewards","Southwest ","3 / 2 / 1","0.5","55000","points","500.0","$1,500","0.5","3.0","","No","Southwest loyalists building toward Companion Pass on a budget","Entry co-brand for Southwest ecosystem and Companion Pass qualification via spend","• 6,000 anniversary pts ✓ • 3× Southwest ✓ • Companion Pass qualification ✓","• $149 annual fee 💰 • Fewer perks than Priority • Best with Companion Pass goal","https://creditcards.chase.com/southwest/premier-credit-card","0%","","","6,000 pts anniversary","15% flight discount yearly","1.0","1.0","1.0","2.0","1.0","1.0","1.0","no","Southwest","700","good"
"Marriott Bonvoy Bountiful","Chase","personal","250.0","250.0","250.0","hotel","Marriott Bonvoy Points","Marriott ","6 / 4 / 2","0.5","85000.0","points","283.0","$4,000","0.0707","3.0","","No","Frequent Marriott guests wanting automatic status and annual free night","Premium Marriott card delivering Silver Elite status and flexible points earning across travel/dining","• 6× Marriott ✓ • 4× dining, 2× travel ✓ • Free night (50k pts) ✓","• $250 annual fee 💰 • Free night caps at 50k • Marriott-only value","https://creditcards.chase.com/travel-credit-cards/marriott-bonvoy/bountiful","0%","","","Free night after $15k (50k pts)","15 Elite Night Credits, Gold Elite","1.0","1.0","1.0","1.0","5.0","1.0","1.0","no","Marriott","700","good"
"IHG One Rewards Premier","Chase","personal","99.0","99.0","99.0","hotel","IHG One Rewards","IHG ","10 / 5 / 3 / 1","0.6","140000","points","583.0","$3,000","0.1166","3.0","","No","Regular IHG guests seeking Platinum status and strong hotel multipliers","Delivers outsized IHG earning and status perks at accessible annual fee","• 10× IHG ✓ • Free night (40k pts) ✓ • Platinum Elite status ✓","• $99 annual fee 💰 • Free night ≤40k only • IHG loyalty needed","https://creditcards.chase.com/travel-credit-cards/ihg-rewards-club/premier","0%","","Yes ($120/4yr)","Anniversary free night (40k)","$100+10k pts after $20k/yr","1.0","1.0","1.0","1.0","5.0","1.0","1.0","no","IHG","700","good"
"IHG One Rewards Traveler","Chase","personal","0.0","0.0","0.0","hotel","IHG One Rewards","IHG ","5 / 3 / 2 / 1","0.4","80000","points","300.0","$2,000","0.15","3.0","","No","Casual IHG guests wanting no-fee hotel earning and some bonus categories","Entry IHG card for occasional hotel stays without ongoing cost commitment","• No annual fee ✓ • 5× IHG ✓ • 3× gas, dining ✓","• No free night • No elite status • Lower value than Premier","https://creditcards.chase.com/travel-credit-cards/ihg-rewards-club/traveler","0%","","","Silver Elite; up to 120k with 3x bonus","10k pts after $10k/yr; 4th night free","1.0","1.0","1.0","1.0","3.0","1.0","1.0","no","IHG","640","ok"
"Chase Sapphire Reserve for Business","Chase","business","795.0","795.0","795.0","travel","Ultimate Rewards (UR)","Sapphire ","","0.5","150000.0","points","1500.0","$20,000","0.075","3.0","","No","Business owners with heavy travel spend needing premium protections and lounge access","Business version of flagship Reserve delivering same premium travel experience with business expense tracking","• $300 travel credit ✓ • Priority Pass ✓ • Doesn't count toward 5/24 ✓","• $795 annual fee 💰 • Needs high travel spend • Overlaps personal Reserve","https://creditcards.chase.com/business-credit-cards/sapphire/reserve","0%","Priority Pass + Chase lounges","Yes ($120/4yr)","$300 travel credit","$500 The Edit + DoorDash $420","1.0","1.0","3.0","3.0","3.0","8.0","1.0","no","United;Southwest;JetBlue;Air Canada;British Airways;Iberia;Aer Lingus;Virgin Atlantic;Flying Blue;Emirates;Singapore;Hyatt;Marriott;IHG","740","great"
"Ink Business Preferred Credit Card","Chase","business","95.0","95.0","95.0","travel","Ultimate Rewards (UR)","Ink ","","0.5","100000","points","900.0","$8,000","0.1125","3.0","","No","Small businesses maximizing Ultimate Rewards points on common expense categories","Flagship Ink card optimized for points earning on internet shipping advertising and travel","• 100k+ welcome bonus ✓ • 3× travel, shipping, internet, ads ✓ • Transferable UR ✓ • Doesn't count 5/24 ✓","• $95 annual fee 💰 • 3× capped at $150k/yr • Tied to Chase UR partners","https://creditcards.chase.com/business-credit-cards/ink/business-preferred","0%","","","5x Lyft thru 9/27","12mo DashPass, $10/mo DoorDash","3.0","2.0","1.0","3.0","1.0","1.0","1.0","no","United;Southwest;JetBlue;Air Canada;British Airways;Iberia;Aer Lingus;Virgin Atlantic;Flying Blue;Emirates;Singapore;Hyatt;Marriott;IHG","700","good"
"Ink Business Premier Credit Card","Chase","business","195.0","195.0","195.0","cashback","Cash","Ink ","2.5 / 2","2.2","1000.0","dollars","1000.0","$10,000","0.1","3.0","","No","High-spend businesses wanting simple cash back on large purchases","Premium cash-back Ink optimized for businesses making frequent large transactions ($5k+)","• 2.5% on ≥$5k purchases ✓ • 2% elsewhere ✓ • $1,000 welcome bonus ✓","• $195 annual fee 💰 • Cash only, no transfers • Needs high spend to justify","https://creditcards.chase.com/business-credit-cards/ink/premier","0%","","","Cell phone protection","2.5% on $5k+ purchases","5.0","2.0","1.0","3.0","1.0","1.0","1.0","no","United;Southwest;JetBlue;Air Canada;British Airways;Iberia;Aer Lingus;Virgin Atlantic;Flying Blue;Emirates;Singapore;Hyatt;Marriott;IHG","700","good"
"United Business Card","Chase","business","150","0.0","150.0","airline","United Miles","United ","2 / 1.5 / 1","0.5","100000.0","miles","1000.0","$5,000","0.2","3.0","","No","Small businesses with moderate United travel seeking strong welcome bonus and perks","Brings United co-brand earning and benefits to business travelers at accessible cost","• First year free ✓ • 100k+ welcome bonus ✓ • Free checked bag ✓ • Doesn't count 5/24 ✓","• $150 after year one 💰 • Best with regular United travel • Fewer perks than Club","https://creditcards.chase.com/business-credit-cards/united/united-business-card","0%","","","2 United Club passes/yr","Over $600 partner credits","2.0","1.0","1.0","2.0","1.0","1.0","1.0","no","United","700","good"
"United Club Business Card","Chase","business","695.0","695.0","695.0","airline","United Miles","United ","4 / 2 / 1","0.5","100000.0","miles","1000.0","$5,000","0.2","3.0","","No","Businesses with weekly United travel needing lounge access and premium benefits","Premium United business card delivering United Club membership and elevated earning","• United Club included ✓ • 4× United ✓ • Free bags ✓ • Doesn't count 5/24 ✓","• $695 annual fee 💰 • Needs very frequent United travel • Niche outside United hubs","https://creditcards.chase.com/business-credit-cards/united/united-club-business","0%","United Club included","","Free 1st+2nd checked bags","Over $925 partner credits","2.0","1.0","1.0","5.0","1.0","1.0","1.0","no","United","740","great"
"Southwest Rapid Rewards Performance Business","Chase","business","299.0","299.0","299.0","airline","Southwest Rapid Rewards","Southwest ","4 / 3 / 2 / 1","0.5","55000","miles","1200.0","$1,500","0.24","3.0","","No","Businesses building large Southwest point balances and pursuing Companion Pass","Top-tier Southwest business card packed with credits anniversary points and huge welcome bonus","• 80k welcome bonus ✓ • 9,000 anniversary pts ✓ • Wi-Fi, upgraded boarding ✓","• $299 annual fee 💰 • Credits need active use • Tied to Southwest","https://creditcards.chase.com/southwest/performance-business-credit-card","0%","","Yes ($120/4yr)","9,000 pts anniversary","Preferred seat at booking, Extra Legroom","1.0","1.0","1.0","3.0","1.0","1.0","1.0","no","Southwest","700","good"
"Southwest Rapid Rewards Premier Business","Chase","business","149.0","149.0","149.0","airline","Southwest Rapid Rewards","Southwest ","3 / 2 / 1","0.5","55000","points","900.0","$1,500","0.3","3.0","","No","Small businesses flying Southwest occasionally and contributing to Companion Pass","Entry Southwest business card balancing cost and Companion Pass qualification","• 6,000 anniversary pts ✓ • 3× Southwest ✓ • Companion Pass qualification ✓","• $149 annual fee 💰 • Fewer perks than Performance • Best with Companion Pass","https://creditcards.chase.com/southwest/premier-business-credit-card","0%","","","6,000 pts anniversary","15% flight discount; Preferred seat within 48hrs","1.0","1.0","1.0","2.0","1.0","1.0","1.0","no","Southwest","700","good"
"IHG One Rewards Premier Business","Chase","business","99.0","99.0","99.0","hotel","IHG One Rewards","IHG ","10 / 5 / 3 / 1","0.6","140000.0","points","466.0","$4,000","0.1165","3.0","","No","Businesses with regular IHG stays seeking Platinum status and strong multipliers","Business version of IHG Premier delivering same hotel perks with expense separation","• 10× IHG ✓ • Free night (40k pts) ✓ • Platinum Elite status ✓","• $99 annual fee 💰 • Free night caps at 40k • IHG loyalty needed","https://creditcards.chase.com/business-credit-cards/IHG/business-premier","0%","","Yes ($120/4yr)","Anniversary free night (40k)","$100+10k pts after $20k/yr; 4th night free","1.0","1.0","1.0","1.0","5.0","1.0","1.0","no","IHG","700","good"
"World of Hyatt Business Credit Card","Chase","business","199.0","199.0","199.0","hotel","World of Hyatt Points","","4 / 2 / 1","0.6","60000.0","points","200.0","$1,000","0.2","3.0","","No","Businesses loyal to Hyatt properties wanting elite nights via card spend","Hyatt business card offering unique ability to earn elite qualifying nights through spending","• 5 elite nights per $10k spend ✓ • 4× Hyatt ✓ • Doesn't count toward 5/24 ✓","• $199 annual fee 💰 • Hyatt footprint only • Elite caps","https://www.chase.com/personal/credit-cards/hyatt/world-hyatt-business/exclusive-benefits","0%","","","$100 Hyatt credits ($50 x2); Discoverist + 5 employees","5 Tier Nights per $10k; 10% pts back after $50k","1.0","1.0","1.0","1.0","5.0","1.0","1.0","no","Hyatt","700","good"
"Citi Double Cash","Citi","personal","0.0","0.0","0.0","cashback","Cash","","2","2.0","200.0","dollars","200.0","1500","0.4","6","0% for balance transfers","Yes","Straightforward 2% cash back on everything without tracking categories or caps","Market-leading flat-rate cash back for set-it-and-forget-it earners who want simplicity","• 2% on all purchases ✓ • No annual fee ✓ • 0% balance transfer intro","• Foreign transaction fee 🌍 • Must pay balance for 2nd 1% • Statement credit only","https://www.citi.com/credit-cards/citi-double-cash-credit-card","3%","","","5% hotels/cars/attractions via Citi Travel","","0.0","0.0","0.0","0.0","0.0","0.0","2.0","no","Air France/KLM;Avianca;Cathay Pacific;Emirates;Etihad;EVA;JetBlue;Qantas;Qatar;Singapore;Thai;Turkish;Virgin Atlantic;Choice;Wyndham","700","good"
"Citi Custom Cash","Citi","personal","0.0","0.0","0.0","cashback","Cash","","5 / 1","2.2","200.0","dollars","200.0","1500","0.4","6","0% for balance transfers","Yes","Automatic 5% back on your top spending category each month up to $500","Hands-off high earning that detects your top spend category without manual activation","• 5% top category (up to $500/mo) ✓ • No annual fee ✓ • No FX fee ✓","• 5% capped at $500/mo • Can't choose category • Statement credit only","https://www.citi.com/credit-cards/citi-custom-cash-credit-card?pdp=new_cc","3%","","","4% hotels/cars/attractions via Citi Travel","","5.0","5.0","5.0","5.0","5.0","5.0","1.0","no","Air France/KLM;Avianca;Cathay Pacific;Emirates;Etihad;EVA;JetBlue;Qantas;Qatar;Singapore;Thai;Turkish;Virgin Atlantic;Choice;Wyndham","700","good"
"Citi Strata Premier","Citi","personal","95.0","95.0","95.0","travel","Thank You Points (TYP)","Strata ","","0.5","60000.0","points","600.0","4000","0.2","3.0","","No","Travelers wanting transferable points with strong dining travel and gas multipliers","Mid-tier travel card offering Citi ThankYou points with airline/hotel transfer partners at accessible annual fee","• 3× dining, travel, gas, supermarkets ✓ • Transfer to 18+ partners ✓ • $100 hotel credit","• $95 annual fee 💰 • Partners weaker vs Chase/Amex 📉 • Hotel credit needs spend","https://www.citi.com/credit-cards/citi-strata-premier-credit-card","0%","","","10× hotels/cars/attractions (Citi Travel)","$100 hotel credit ($500+ stay)","1.0","3.0","3.0","3.0","3.0","0.0","1.0","","Air France/KLM;Avianca;Cathay Pacific;Emirates;Etihad;EVA;JetBlue;Qantas;Qatar;Singapore;Thai;Turkish;Virgin Atlantic;Choice;Wyndham","700","good"
"Citi AAdvantage Platinum Select World Elite Mastercard","Citi","personal","$0 intro annual fee for the first year, then $99","0.0","99.0","airline","AAdvantage Miles","American ","2 / 1","0.5","50000","miles","800.0","$2,500","0.2286","3 months","","No","Regular American Airlines flyers wanting free checked bags and priority boarding","Core AA co-brand delivering essential flight perks for frequent AA travelers at mid-tier price","• 2× AA, dining, gas ✓ • Free checked bag ✓ • No FX fee ✓","• $99 annual fee 💰 • Best with 4+ AA trips/yr • AAdvantage devaluation risk ⚠️","https://creditcards.aa.com/credit-cards/citi-platinum-card-american-airlines-direct/","0%","","","Free checked bag + 4 companions","25% inflight savings; $125 flight discount after $20k","1.0","1.0","2.0","2.0","1.0","0.0","1.0","","Air France/KLM;Avianca;Cathay Pacific;Emirates;Etihad;EVA;JetBlue;Qantas;Qatar;Singapore;Thai;Turkish;Virgin Atlantic;Choice;Wyndham","740","great"
"Citi AAdvantage Globe Mastercard","Citi","personal","350.0","350.0","350.0","airline","AAdvantage Miles","American ","2 / 1","0.5","60000","miles","900.0","4000","0.18","3","","No","Premium AA flyers wanting lounge passes and strong earn without Executive-tier fee","Mid-tier AA card with 4 Admirals Club passes and elevated earning","• 90k bonus ✓ • 4 Admirals Club passes/yr ✓ • 6× hotels • 3× AA ✓","• $350 annual fee 💰 • Best with regular AA travel • Globe revamped 2025","https://creditcards.aa.com/credit-cards/citi-globe-card-american-airlines-direct/","0%","4 Admirals Club passes/yr","Yes ($120/4yr)","Companion certificate (yr 2+); Free bag +8 companions","$100 Splurge + $240 Turo + $100 inflight credits","1.0","1.0","2.0","2.0","1.0","0.0","1.0","","Air France/KLM;Avianca;Cathay Pacific;Emirates;Etihad;EVA;JetBlue;Qantas;Qatar;Singapore;Thai;Turkish;Virgin Atlantic;Choice;Wyndham","700","good"
"Citi AAdvantage Executive World Elite Mastercard","Citi","personal","595.0","595.0","595.0","airline","AAdvantage Miles","American ","2 / 1","0.5","70000","miles","1000.0","7000","0.1","3.0","","No","Elite AA travelers flying 10+ times per year needing Admirals Club lounge access","Premium AA card delivering full lounge membership for frequent business travelers and AA loyalists","• Admirals Club included (~$650) ✓ • Free checked bag • No FX fee ✓","• $595 annual fee 💰 • Best with 8+ AA trips/yr • AAdvantage risk ⚠️","https://creditcards.aa.com/credit-cards/citi-executive-card-american-airlines-direct/","0%","Admirals Club included","Yes ($120/4yr)","10× hotels/cars (aadvantagehotels.com, aadvantagecars.com)","4× AA; $120 Avis/Budget + Lyft + Grubhub credits","1.0","1.0","2.0","2.0","1.0","0.0","1.0","","Air France/KLM;Avianca;Cathay Pacific;Emirates;Etihad;EVA;JetBlue;Qantas;Qatar;Singapore;Thai;Turkish;Virgin Atlantic;Choice;Wyndham","740","great"
"Citi Strata Elite Credit Card","Citi","personal","595","195.0","195.0","travel","Thank You Points (TYP)","Strata ","","0.5","75000","points","800.0","6000","0.2667","3.0","","No","High spenders wanting premium travel perks and dining/entertainment credits with Citi points","Top-tier Citi travel card with elevated earn rates statement credits and transfer flexibility","• 5× travel via Citi portal ✓ • 3× dining, entertainment, gas ✓ • $100 hotel + $50 credits","• $195 annual fee 💰 • Credits need tracking • Partners weaker vs Chase/Amex 📉","https://www.citi.com/credit-cards/citi-strata-elite-credit-card","0%","Priority Pass Select + 4 Admirals Club passes","Yes ($120/4yr)","$300 hotel + $200 Splurge + $200 Blacklane credits","12× Citi Travel; 6× AA (Citi Travel); 6× Citi Nights dining","1.0","3.0","3.0","3.0","3.0","0.0","1.0","","Air France/KLM;Avianca;Cathay Pacific;Emirates;Etihad;EVA;JetBlue;Qantas;Qatar;Singapore;Thai;Turkish;Virgin Atlantic;Choice;Wyndham","740","great"
"Citi Strata Credit Card","Citi","personal","0.0","0.0","0.0","travel","Thank You Points (TYP)","Strata ","","0.5","20000","points","300.0","$1,000","0.1","3.0","","No","Entry-level travelers wanting transferable points without annual fee commitment","No-fee access to Citi ThankYou transferable points for casual travelers building flexibility","• No annual fee ✓ • Transfer to airlines/hotels ✓ • 2× dining, travel","• Lower earn vs Premier/Elite • Foreign transaction fee 🌍 • Fewer partners","https://www.citi.com/credit-cards/citi-strata-credit-card","3%","","","5× Citi Travel; 3× self-select category","Intro APR on purchases and balance transfers","1.0","2.0","2.0","2.0","2.0","0.0","1.0","","Air France/KLM;Avianca;Cathay Pacific;Emirates;Etihad;EVA;JetBlue;Qantas;Qatar;Singapore;Thai;Turkish;Virgin Atlantic;Choice;Wyndham","700","good"
"Citi Diamond Preferred Credit Card","Citi","personal","0.0","0.0","0.0","balance_transfer","","","","0.0","0.0","","0.0","$0","","0.0","0% for 21 months","Yes","Longest 0% intro APR for balance transfers in the market","Offers industry-leading 21-month intro period for debt consolidation and payoff plans","• 21-month 0% balance transfers ✓ • No annual fee ✓ • Industry-leading intro","• No rewards ⚠️ • Balance transfer fee 3-5% • Foreign transaction fee 🌍","https://www.citi.com/credit-cards/citi-diamond-preferred-credit-card","3%","","","21-month 0% balance transfers","21-month 0% purchases","0.0","0.0","0.0","0.0","0.0","0.0","1.0","","Air France/KLM;Avianca;Cathay Pacific;Emirates;Etihad;EVA;JetBlue;Qantas;Qatar;Singapore;Thai;Turkish;Virgin Atlantic;Choice;Wyndham","700","good"
"Citi Simplicity Credit Card","Citi","personal","0.0","0.0","0.0","balance_transfer","","","","0.0","0.0","","0.0","$0","","0.0","0% for 21 months","Yes","0% intro APR with no late fees ever for stress-free credit management","Unique no-penalty structure with no late fees ever for users wanting payment flexibility and simplicity","• 21-month 0% APR ✓ • No late fees ever ✓ • No annual fee ✓","• No rewards ⚠️ • Foreign transaction fee 🌍 • Debt payoff only","https://www.citi.com/credit-cards/citi-simplicity-credit-card","3%","","","No late fees ever","No penalty APR","0.0","0.0","0.0","0.0","0.0","0.0","1.0","","Air France/KLM;Avianca;Cathay Pacific;Emirates;Etihad;EVA;JetBlue;Qantas;Qatar;Singapore;Thai;Turkish;Virgin Atlantic;Choice;Wyndham","700","good"
"Citi AAdvantage MileUp Card","Citi","personal","0.0","0.0","0.0","airline","AAdvantage Miles","American ","2 / 1","0.5","15000.0","miles","150.0","$500","0.3","3.0","","No","Light AA flyers who also want bonus earning on groceries without annual fee","Hybrid card blending AA airline earning with grocery category bonus for everyday value","• No annual fee ✓ • 2× groceries, gas ✓ • Milestone bonuses ✓","• Lower AA earn • No free bag ✈️ • Smaller bonus","https://creditcards.aa.com/credit-cards/citi-mileup-card-american-airlines-direct/","3%","","","25% inflight food/beverage savings","","1.0","2.0","2.0","2.0","1.0","0.0","1.0","","Air France/KLM;Avianca;Cathay Pacific;Emirates;Etihad;EVA;JetBlue;Qantas;Qatar;Singapore;Thai;Turkish;Virgin Atlantic;Choice;Wyndham","700","good"
"Citi Secured Mastercard","Citi","personal","0.0","0.0","0.0","credit_building","","","","0.0","0.0","","0.0","$0","","0.0","","Yes","Building or rebuilding credit with a secured deposit and path to unsecured card","Secured card designed for credit establishment with low barrier to entry and upgrade potential","• Low deposit ✓ • Reports to all bureaus ✓ • Path to unsecured • No annual fee ✓","• No rewards ⚠️ • Security deposit required • Foreign transaction fee 🌍","https://www.citi.com/credit-cards/citi-secured-credit-card","3%","","","Security deposit $200-$2,500","Path to unsecured","0.0","0.0","0.0","0.0","0.0","0.0","1.0","","Air France/KLM;Avianca;Cathay Pacific;Emirates;Etihad;EVA;JetBlue;Qantas;Qatar;Singapore;Thai;Turkish;Virgin Atlantic;Choice;Wyndham","700","good"
"Costco Anywhere Visa Business Card by Citi","Citi","business","0.0","0.0","0.0","cashback","Cash","","4 / 3 / 2 / 1","2.3","0.0","","0.0","$0","","0.0","","Yes","Businesses with Costco membership and high gas/travel/dining spend","Business version of Costco's strong category card optimized for warehouse and business travel","• 4% gas (up to $7k/yr) ✓ • 3% restaurants, travel ✓ • 2% Costco • No card fee ✓","• Requires Costco membership ⚠️ • Rewards paid annually (Feb) • Foreign transaction fee 🌍","https://www.citi.com/credit-cards/citi-costco-anywhere-visa-business-credit-card","0%","","","5% Costco gas; 4% other gas/EV (to $7k/yr)","3% restaurants, travel; 2% Costco; Rewards in Feb","1.0","1.0","1.0","1.0","1.0","1.0","1.0","","Air France/KLM;Avianca;Cathay Pacific;Emirates;Etihad;EVA;JetBlue;Qantas;Qatar;Singapore;Thai;Turkish;Virgin Atlantic;Choice;Wyndham","700","good"
"Citi AAdvantage Business World Elite Mastercard","Citi","business","99.0","0.0","99.0","airline","AAdvantage Miles","American ","2 / 1","0.5","75000","miles","650.0","5000","0.1625","5","","No","Small businesses flying AA regularly for meetings clients or conferences","AA business card delivering strong earning on common business categories and flight perks","• 2× AA, gas, telecom ✓ • Free checked bag • Doesn't count 5/24","• $99 annual fee 💰 • Best with regular AA travel • AAdvantage risk ⚠️","https://creditcards.aa.com/credit-cards/citi-business-card-american-airlines-direct/","0%","","","Free checked bag + 4 companions","25% inflight; Companion cert after $30k spend","1.0","1.0","2.0","2.0","1.0","0.0","1.0","","Air France/KLM;Avianca;Cathay Pacific;Emirates;Etihad;EVA;JetBlue;Qantas;Qatar;Singapore;Thai;Turkish;Virgin Atlantic;Choice;Wyndham","740","great"
"Capital One Quicksilver","Capital One","personal","0.0","0.0","0.0","cashback","Cash","","1.5","1.5","200.0","dollars","200.0","$500","0.4","3.0","0% for 15 months","Yes","Simple unlimited 1.5% cash back on all purchases without thinking","Straightforward flat-rate card for users wanting simplicity over category optimization","• 1.5% on everything ✓ • No annual fee ✓ • 0% intro 15 mo • No FX fee ✓","• No bonus categories • Lower than category cards • Smaller bonus","https://www.capitalone.com/credit-cards/quicksilver/","0%","","","Capital One Travel; price drop protection","Hertz Five Star status","0.0","0.0","0.0","0.0","0.0","0.0","1.5","no","Aeromexico;Air Canada;Air France/KLM;Avianca;British Airways;Cathay Pacific;Emirates;Etihad;EVA;Finnair;Qantas;Qatar;Singapore;Turkish;Virgin Red;Wyndham;Choice;Accor","700","good"
"Capital One SavorOne","Capital One","personal","$39","0.0","0.0","cashback","Cash","","3 / 2 / 1","1.7","200.0","dollars","200.0","$500","0.4","3.0","0% for 15 months","Yes","Dining and entertainment spending with strong grocery and streaming bonuses","No-fee lifestyle card targeting foodies and entertainment spenders with everyday categories","• 3% dining, entertainment, streaming ✓ • 3% groceries ✓ • No annual fee ✓","• Grocery excl. Walmart/Target • Narrow entertainment • Lower ceiling","https://www.capitalone.com/credit-cards/savorone/","0%","","","3% grocery (excl. Walmart/Target) • dining • entertainment • streaming","1% all other","1.0","1.0","1.0","1.0","1.0","1.0","1.0","","Aeromexico;Air Canada;Air France/KLM;Avianca;British Airways;Cathay Pacific;Emirates;Etihad;EVA;Finnair;Qantas;Qatar;Singapore;Turkish;Virgin Red;Wyndham;Choice;Accor","700","good"
"Capital One Venture","Capital One","personal","95.0","95.0","95.0","travel","Capital One Miles","","","0.5","75000.0","miles","750.0","$4,000","0.1875","3.0","","No","Straightforward travel rewards with simple 2× earning on everything","Entry-premium travel card offering flat-rate miles and flexible redemption without transfer complexity","• 2× miles on everything ✓ • 1¢ toward travel ✓ • Transfer to 15+ partners","• $95 annual fee 💰 • Partners weaker vs Chase/Amex 📉 • Flat 2× only","https://www.capitalone.com/credit-cards/venture/","0%","","Yes ($120/4yr)","$250 travel credit (yr 1); 5× hotels/rental cars via Capital One Travel","Hertz Five Star; $50 Lifestyle Collection credit","2.0","2.0","2.0","2.0","2.0","5.0","2.0","no","Aeromexico;Air Canada;Air France/KLM;Avianca;British Airways;Cathay Pacific;Emirates;Etihad;EVA;Finnair;Qantas;Qatar;Singapore;Turkish;Virgin Red;Wyndham;Choice;Accor","700","good"
"Capital One Venture X","Capital One","personal","395.0","395.0","395.0","travel","Capital One Miles","","","0.5","75000.0","miles","750.0","$4,000","0.1875","3.0","","No","Premium travel with strong lounge access credits and travel perks under $400 annual fee","Flagship Capital One travel card competing with Chase Sapphire Reserve at lower annual fee with better credit offsetting value","• 2× miles (10× via portal) ✓ • $300 travel credit ✓ • Priority Pass + lounges ✓","• $395 annual fee 💰 • 10× needs portal • Fewer partners vs Amex/Chase 📉","https://www.capitalone.com/credit-cards/venture-x/","0%","Capital One Lounges + Priority Pass","Yes ($120/4yr)","$300 annual travel credit; 10k anniversary miles","Hertz President's Circle; PRIOR ($149); Cultivist 50% off","2.0","2.0","2.0","2.0","2.0","10.0","2.0","no","Aeromexico;Air Canada;Air France/KLM;Avianca;British Airways;Cathay Pacific;Emirates;Etihad;EVA;Finnair;Qantas;Qatar;Singapore;Turkish;Virgin Red;Wyndham;Choice;Accor","740","great"
"Capital One Platinum","Capital One","personal","0.0","0.0","0.0","credit_building","","","","0.0","0.0","","0.0","$0","","0.0","","No","Building or rebuilding credit with unsecured card and credit line increase path","Unsecured starter card for fair/limited credit with potential for automatic reviews and credit line growth","• No annual fee ✓ • Unsecured, no deposit ✓ • Credit line reviews ✓","• No rewards ⚠️ • Credit building only • Foreign transaction fee 🌍","https://www.capitalone.com/credit-cards/platinum/","0%","","","Credit building; no rewards","","1.0","1.0","1.0","1.0","1.0","1.0","1.0","","Aeromexico;Air Canada;Air France/KLM;Avianca;British Airways;Cathay Pacific;Emirates;Etihad;EVA;Finnair;Qantas;Qatar;Singapore;Turkish;Virgin Red;Wyndham;Choice;Accor","700","good"
"Capital One Spark Cash","Capital One","business","0","0.0","95.0","cashback","Cash","Spark ","2","2.0","1000.0","dollars","1000.0","$10000","0.1","3.0","","No","Simple unlimited 2% cash back for small businesses wanting flat-rate earning","No-fee business cash back for straightforward expense tracking and earning without categories","• 2% on all business purchases ✓ • $0 intro AF then $95 ✓ • No FX fee ✓","• No bonus categories • $1k bonus needs $10k spend • 5× only via portal","https://www.capitalone.com/small-business/credit-cards/spark-cash/","0%","","","5% hotels and rental cars via Capital One Business Travel","2% unlimited on all purchases","1.0","1.0","1.0","1.0","1.0","1.0","1.0","","Aeromexico;Air Canada;Air France/KLM;Avianca;British Airways;Cathay Pacific;Emirates;Etihad;EVA;Finnair;Qantas;Qatar;Singapore;Turkish;Virgin Red;Wyndham;Choice;Accor","700","good"
"Capital One Spark Cash Plus","Capital One","business","150.0","150.0","150.0","cashback","Cash","Spark ","2 / 5 travel portal","2.0","2000.0","dollars","2000.0","$30000","0.0667","3.0","","No","High-spend businesses wanting unlimited 2% cash back on everything","Premium unlimited cash back for businesses with heavy monthly spend seeking simple strong earning","• 2% on all purchases ✓ • $2,000 welcome ✓ • 5% hotels/cars via portal ✓","• $150 annual fee 💰 • Charge card pay in full • AF refund if spend $150k/yr","https://www.capitalone.com/small-business/credit-cards/spark-cash-plus/","0%","","","$2k+ per $500k first year; 5% hotels/cars via Business Travel","AF refund if spend $150k/year; charge card","0.0","0.0","0.0","0.0","0.0","0.0","2.0","no","Aeromexico;Air Canada;Air France/KLM;Avianca;British Airways;Cathay Pacific;Emirates;Etihad;EVA;Finnair;Qantas;Qatar;Singapore;Turkish;Virgin Red;Wyndham;Choice;Accor","700","good"
"Capital One Spark Cash Select","Capital One","business","0.0","0.0","0.0","cashback","Cash","Spark ","1.5","1.5","750.0","dollars","750.0","$6000","0.125","3.0","","No","No-fee business cash back for startups or businesses with moderate spend","Starter business card with flat cash back and easier approval than Spark Cash Plus","• No annual fee ✓ • 1.5% on all purchases ✓ • $750 bonus ✓","• Lower earn than Spark Cash Plus • 5× only via portal • No bonus categories","https://www.capitalone.com/small-business/credit-cards/spark-cash-select/","0%","","","5% hotels/rental cars via Capital One Business Travel","1.5% unlimited; no annual fee","1.0","1.0","1.0","1.0","1.0","1.0","1.0","","Aeromexico;Air Canada;Air France/KLM;Avianca;British Airways;Cathay Pacific;Emirates;Etihad;EVA;Finnair;Qantas;Qatar;Singapore;Turkish;Virgin Red;Wyndham;Choice;Accor","700","good"
"Capital One Venture X Business","Capital One","business","395.0","395.0","395.0","travel","Capital One Miles","","2 / 10 / 5","0.5","150000.0","miles","1500.0","$30000","0.05","3.0","","No","Premium business travel with lounge access strong portal earning and travel credits","Flagship business travel card competing with Amex Business Platinum at lower annual fee with better value proposition","• 2× miles (10× via portal) ✓ • $300 travel credit ✓ • Priority Pass + lounges ✓","• $395 annual fee 💰 • 10× needs portal • 150k bonus needs $30k spend • Fewer partners 📉","https://www.capitalone.com/small-business/credit-cards/venture-x-business/","0%","Capital One Lounges + Priority Pass","Yes ($120/4yr)","$300 annual travel credit; 10k anniversary miles","10× hotels/cars; 5× flights/vacation rentals via Business Travel","1.0","1.0","1.0","1.0","1.0","1.0","1.0","","Aeromexico;Air Canada;Air France/KLM;Avianca;British Airways;Cathay Pacific;Emirates;Etihad;EVA;Finnair;Qantas;Qatar;Singapore;Turkish;Virgin Red;Wyndham;Choice;Accor","740","great"
"Capital One Spark Miles","Capital One","business","0.0","0.0","95.0","travel","Capital One Miles","Spark ","2 / 5 travel portal","0.5","50000.0","miles","500.0","$4500","0.1111","3.0","","No","Simple business travel rewards with 2× miles on everything and no annual fee","No-fee business travel card for straightforward miles earning without category tracking","• 2× miles on everything ✓ • 5× hotels/cars via portal ✓ • $0 intro AF then $95 ✓","• Lower bonus • No lounges • 5× needs portal booking","https://www.capitalone.com/small-business/credit-cards/spark-miles/","0%","","","5× hotels/rental cars via Capital One Business Travel","Hertz Five Star; GE/TSA $120; Lifestyle Collection $50","2.0","2.0","2.0","2.0","2.0","5.0","2.0","no","Aeromexico;Air Canada;Air France/KLM;Avianca;British Airways;Cathay Pacific;Emirates;Etihad;EVA;Finnair;Qantas;Qatar;Singapore;Turkish;Virgin Red;Wyndham;Choice;Accor","700","good"
"Bank of America Customized Cash","Bank of America","personal","0.0","0.0","0.0","cashback","Cash","","3 / 2 / 1","1.7","200.0","dollars","200.0","1000","0.4","3.0","0% for 15 months","Yes","Choosing your own 3% category each month from common spending areas","Flexible category optimization for users who want control over bonus earning without annual fee","• 3% category choice ✓ • 2% grocery, wholesale • Preferred Rewards up to 5.25% ✓","• 3% capped $2,500/qtr • Must select category • Foreign transaction fee 🌍","https://www.bankofamerica.com/credit-cards/products/cash-back-credit-card/","3%","","","3% choice category; 2% grocery wholesale","Preferred Rewards boost up to 5.25%","1.0","1.0","1.0","1.0","1.0","1.0","1.0","","","700","good"
"Bank of America Unlimited Cash","Bank of America","personal","0.0","0.0","0.0","cashback","Cash","","1.5","1.5","200","dollars","200","1000","0.3","3.0","0% for 15 months","Yes","Simple unlimited 1.5% cash back with potential Preferred Rewards boost","Straightforward flat-rate earning for BoA banking customers wanting set-it-and-forget-it rewards","• 1.5% on all ✓ • Preferred Rewards up to 2.625% ✓ • No annual fee ✓","• No bonus categories • Needs BoA for boost • Foreign transaction fee 🌍","https://www.bankofamerica.com/credit-cards/products/unlimited-cash-back-credit-card/","3%","","","1.5% unlimited","Preferred Rewards up to 2.625%","1.0","1.0","1.0","1.0","1.0","1.0","1.0","","","700","good"
"BankAmericard Cash Rewards","Bank of America","personal","0.0","0.0","0.0","cashback","Cash","","3 / 2 / 1","1.6","200","dollars","200","1000","0.3","3.0","0% for 15 months","Yes","Online shopping and category bonuses with long intro APR for balance transfers","Combines cash back earning with 0% intro period for users managing existing debt while earning rewards","• 3% category choice ✓ • 2% grocery, wholesale • 0% intro 15 mo • No annual fee ✓","• 3% capped $2,500/qtr • Foreign transaction fee 🌍 • Must choose category","https://www.bankofamerica.com/credit-cards/products/cash-back-credit-card/","3%","","","3% choice; 2% grocery/wholesale","Preferred Rewards boost","1.0","1.0","1.0","1.0","1.0","1.0","1.0","","","700","good"
"Bank of America Premium Rewards","Bank of America","personal","95.0","95.0","95.0","travel","Bank of America Points","","1.5","1.5","60000.0","points","600.0","$4,000","0.15","3.0","","No","Premium travel and dining earning for Bank of America Preferred Rewards members","Mid-tier travel card optimized for BoA banking customers with points boost and travel credits","• 60,000 bonus pts after $4k in 90 days ✓ • 2× travel, dining ✓ • $100 airline credit ✓ • No FX fee ✓","• $95 annual fee 💰 • Needs Preferred Rewards • Partners weaker vs Chase/Amex 📉","https://www.bankofamerica.com/credit-cards/products/premium-rewards-credit-card/","0%","","","2× travel dining; $100 airline incidental credit","Preferred Rewards boost; Global Entry credit","2.0","2.0","2.0","2.0","2.0","1.0","1.0","no","","700","good"
"Bank of America Business Advantage Travel Rewards","Bank of America","business","0.0","0.0","0.0","travel","Bank of America Points","","1.5","1.5","30000.0","points","300.0","$3,000","0.1","3.0","0% for 9 months","No","No-fee business travel card with straightforward earning and no foreign transaction fees","Entry business travel option for BoA business banking customers wanting simple points accumulation","• 3× Travel Center • 1.5× all other ✓ • No FX fee ✓ • No annual fee ✓","• Lower earn than premium • Points not transferable • Needs BoA Relationship Rewards","https://business.bankofamerica.com/en/credit-cards/business-advantage-travel-rewards?campaign=4076928~NJ~en_US","0%","","","3× Travel Center; 1.5× all other","Preferred Rewards for Business up to 5.25×","1.0","1.0","1.0","1.0","1.0","1.0","1.0","","","700","good"
"Bank of America Business Advantage Atmos Rewards","Bank of America","business","70.0","70.0","70.0","airline","Atmos Miles","Alaska","3 / 2 / 1","1.7","70000.0","points","700.0","$4000","0.175","3.0","","No","Atmos business card for Alaska/Hawaiian flyers with Companion Fare and category earning","Atmos Visa Business with 70k pts + $99 Companion Fare and Alaska/Hawaiian bonuses","• 70k pts + $99 Companion Fare ✓ • 3× Alaska/Hawaiian ✓ • 2× gas EV shipping transit ✓","• $70 company + $25/card 💰 • Alaska/Hawaiian focus • Route network limited","https://www.alaskaair.com/atmosrewards/content/credit-cards/benefits/visa-small-business","0%","","","70k pts + $99 Companion Fare; $4k in 90 days","3× Alaska/Hawaiian; 2× gas EV shipping transit; free bag; 20% inflight","1.0","1.0","1.0","1.0","1.0","1.0","1.0","","","700","good"
"Bank of America Business Advantage Customized Cash Rewards","Bank of America","business","0.0","0.0","0.0","cashback","Cash","","3 / 2 / 1","1.7","300.0","dollars","300.0","$3000","0.1","3.0","0% for 9 months","Yes","Choose your own 3% business category for targeted spending optimization","No-fee business cash back with category choice for expense concentration","• 3% category choice ✓ • No annual fee ✓ • $300 bonus ✓","• 3% capped $50k/yr • Foreign transaction fee 🌍 • Must choose category","https://business.bankofamerica.com/en/credit-cards/business-advantage-customized-cash-rewards?campaign=4076847~NX~en_US","3%","","","3% choice; 2% dining; 1% other (cap $50k/yr)","Preferred Rewards for Business boost","1.0","1.0","1.0","1.0","1.0","1.0","1.0","","","700","good"
"Alaska Airlines Visa Signature","Bank of America","personal","95.0","95.0","95.0","airline","Alaska Miles","Alaska","3 / 2 / 1","1.5","80000","miles","700.0","$4,000","0.7","120 days","","No","Travelers who regularly fly Alaska and want Companion Fare and free checked bag.","Core Alaska Airlines co-brand for Bank of America customers who want strong airline perks at moderate annual fee.","• Companion Fare ✓ • Free checked bag ✓ • 3× Alaska • No FX fee ✓","• $95 annual fee 💰 • Alaska route network only • Miles devaluation risk ⚠️","https://www.bankofamerica.com/credit-cards/products/alaska-airlines-credit-card/","0%","","","Companion Fare; free checked bag","3× Alaska; 20% inflight; Alaska Lounge+ discount","1.0","1.0","1.0","1.0","1.0","1.0","1.0","","","700","good"
"Atmos Rewards Summit Visa Infinite","Bank of America","personal","395.0","395.0","395.0","airline","Alaska Miles","Alaska","3 / 1","1.8","100000","points","800.0","6500","0.2","3.0","","No","Frequent Alaska and international travelers who want lounge access and premium companion awards.","Premium Alaska co-brand positioned as a Visa Infinite product for global travelers wanting high-end perks and companion awards.","• 2 Global Companion Awards/yr ✓ • Alaska Lounge ✓ • 3× dining, Alaska • No FX fee ✓","• $395 annual fee 💰 • Needs frequent Alaska travel • Complex thresholds","https://www.bankofamerica.com/credit-cards/products/alaska-airlines-infinite-credit-card/","0%","Alaska Lounge","","2 Global Companion Awards/yr; $395 AF","3× Alaska dining; Premier Collection hotels","1.0","1.0","1.0","1.0","1.0","1.0","1.0","","","740","great"
"U.S. Bank Cash+","U.S. Bank","personal","0.0","0.0","0.0","cashback","Cash","","5 / 2 / 1","2.0","200.0","dollars","200.0","$1000","0.2","3.0","0% for 15 months","Yes","Highest 5% cash back on two categories you choose each quarter","Category maximization for organized spenders wanting top-tier cash back rates in flexible categories","• 5% on two categories/qtr ✓ • 2% everyday category • No annual fee ✓","• 5% capped $2,000/qtr • Quarterly activation • Foreign transaction fee 🌍","https://www.usbank.com/credit-cards/cash-plus-visa-signature-credit-card.html","3%","","","5% Travel Center prepaid","Cash-back deals","5.0","5.0","5.0","5.0","5.0","5.0","1.0","yes","","700","good"
"U.S. Bank Unlimited Cash","U.S. Bank","personal","0.0","0.0","0.0","cashback","Cash","","1.5","1.5","150.0","dollars","150.0","$1000","0.15","3.0","0% for 12 months","Yes","Simple unlimited 1.5% cash back with long intro APR period","Straightforward flat-rate card for set-it-and-forget-it cash back with 0% financing option","• 1.5% on all ✓ • 0% intro 12 mo • No annual fee ✓","• No bonus categories • Foreign transaction fee 🌍 • $150 bonus needs $1k spend","https://www.usbank.com/credit-cards/cash-plus-visa-signature-credit-card.html","3%","","","1.5% unlimited","ExtendPay eligible","1.0","1.0","1.0","1.0","1.0","1.0","1.0","","","700","good"
"U.S. Bank Smartly Visa Signature","U.S. Bank","personal","0.0","0.0","0.0","cashback","Cash","","2 / up to 4 with banking","2.0","0.0","","0.0","$0","","0.0","0% for 12 months","Yes","Flat 2% cash back with optional boost for U.S. Bank Smartly banking customers","Unlimited 2% flat rate with optional Smartly Earning Bonus for U.S. Bank depositors","• 2% on all ✓ • Up to 4% with Smartly banking ✓ • No annual fee ✓","• Needs Smartly accounts • Bonus capped $10k/cycle • Best with $10k+ deposits","https://www.usbank.com/credit-cards/bank-smartly-visa-signature-credit-card.html","3%","","","Up to 4% with Smartly banking","Cash-back deals","1.0","1.0","1.0","1.0","1.0","1.0","1.0","","","700","good"
"U.S. Bank Shield Visa","U.S. Bank","personal","0.0","0.0","0.0","balance_transfer","","","4 travel center","0.4","0.0","","0.0","$0","","0.0","0% for 24 months","Yes","Long 0% intro APR and balance transfers with light travel rewards and perks","Best-in-class 24-month 0% APR with light rewards and cell phone protection","• 24-mo 0% APR ✓ • Cell phone protection $600 ✓ • No annual fee ✓","• No signup bonus • 4% only in Travel Center • $20 credit needs 11 mo purchases","https://www.usbank.com/credit-cards/shield-visa-credit-card.html","3%","","","Cell phone protection $600","$20 annual statement credit","1.0","1.0","1.0","1.0","1.0","1.0","1.0","","","700","good"
"U.S. Bank Altitude Go Visa Signature","U.S. Bank","personal","0.0","0.0","0.0","travel","U.S. Bank Points","","4 / 2 / 1","0.5","20000.0","points","200.0","$1,000","0.2","3.0","0% for 15 months","Yes","Dining and streaming with no annual fee and flexible points redemption","No-fee dining and streaming card with flexible points redemption and charity match","• 4× dining (first $2k/qtr) ✓ • 2× grocery, gas, streaming • $15 streaming credit ✓","• Foreign transaction fee 🌍 • 4× dining capped $2k/qtr • Points expire 12 mo inactive","https://www.usbank.com/credit-cards/altitude-go-visa-signature-credit-card.html","3%","","","$15 streaming credit","100% charity match","1.0","1.0","1.0","1.0","1.0","1.0","1.0","","","700","good"
"U.S. Bank Altitude Connect Visa Signature","U.S. Bank","personal","0.0","0.0","0.0","travel","U.S. Bank Points","","5 / 4 / 2 / 1","0.5","20000.0","points","200.0","$1,000","0.2","3.0","0% for 15 months","No","Travel and gas with no annual fee and lounge/TSA credit","No-fee travel and gas card with lounge access and no foreign transaction fees","• 5× hotels, cars (Travel Center) ✓ • 4× travel, gas ✓ • Priority Pass + TSA credit ✓ • No annual fee ✓","• 5×/4× need Travel Center • Points expire 12 mo • 5-yr bonus rule","https://www.usbank.com/credit-cards/altitude-connect-visa-signature-credit-card.html","0%","Priority Pass Select","Yes ($120/4yr)","GigSky global mobile data","Travel protections","1.0","1.0","1.0","1.0","1.0","1.0","1.0","","","700","good"
"U.S. Bank Shopper Cash Rewards Visa Signature","U.S. Bank","personal","95.0","0.0","95.0","cashback","Cash","","6 / 3 / 1.5","2.5","250.0","dollars","250.0","$2,000","0.125","4.0","","Yes","High cash back at two chosen retailers plus everyday category with first-year fee waived","Retail-focused cash back with 6% at two chosen retailers and first-year fee waived","• 6% at two retailers (Amazon, Target, etc) ✓ • $250 bonus ✓ • First year no fee ✓","• $95 after year one 💰 • Quarterly selection • Foreign transaction fee 🌍","https://www.usbank.com/credit-cards/shopper-cash-rewards-visa-signature-credit-card.html","3%","","","5.5% Travel Center hotel/car","ExtendPay $0 fee first 60 days","1.0","1.0","1.0","1.0","1.0","1.0","1.0","","","700","good"
"U.S. Bank Triple Cash Rewards Visa Business","U.S. Bank","business","0.0","0.0","0.0","cashback","Cash","","3 / 1","1.8","750.0","dollars","750.0","$6000","0.125","6.0","0% for 12 months","Yes","Small businesses with gas office supplies restaurants and software subscriptions","No-fee business cash back with 3% on core expense categories plus $100 software credit and strong welcome bonus","• 3% gas, office supply, cell phone, restaurants ✓ • $750 bonus ✓ • $100 software credit ✓ • No annual fee ✓","• 3% gas capped at $200/transaction • $6k spend for bonus • Foreign transaction fee 🌍","https://www.usbank.com/business-banking/business-credit-cards/business-triple-cash-back-credit-card.html","3%","","","$100 software credit (QuickBooks etc)","5% Travel Center; ExtendPay $0 first 60 days","1.0","1.0","1.0","1.0","1.0","1.0","1.0","","","700","good"
"U.S. Bank Business Shield Visa","U.S. Bank","business","0.0","0.0","0.0","balance_transfer","","","5 travel center","0.5","Earn up to $1,200 when you open a new business checking account","","0.0","$0","","0.0","0% for 12 months","Yes","Businesses needing intro APR for cash flow with light travel rewards","No-fee business card for 0% financing and Travel Center earning with purchase protection and Spend Management","• 12-mo 0% APR ✓ • 5% Travel Center ✓ • $50 credit after $5k Travel Center ✓ • No annual fee ✓","• No signup bonus • 5% only in Travel Center • $50 needs $5k Travel Center spend","https://www.usbank.com/business-banking/business-credit-cards/business-shield-credit-card.html","3%","","","Purchase protection","Spend Management; ExtendPay $0/yr","1.0","1.0","1.0","1.0","1.0","1.0","1.0","","","700","good"
"U.S. Bank Business Altitude Power Visa Signature","U.S. Bank","business","0.0","0.0","0.0","travel","U.S. Bank Points","","2 / 2.5 mobile / 6 travel","0.5","75000.0","points","750.0","$10000","0.075","4.0","","No","Businesses wanting flat 2× points on all spend with lounge access and no foreign fees","Uncapped 2× business card with Priority Pass mobile wallet boost and Travel Center 6× for flexible redemption","• 2× on all purchases ✓ • 2.5× mobile wallet ($5k/qtr) ✓ • 6× Travel Center ✓ • Priority Pass ✓ • No FX fee ✓","• 75k bonus needs $10k spend • 6× only via Travel Center • Points expire 12 mo inactive","https://www.usbank.com/business-banking/business-credit-cards/business-altitude-power-credit-card.html","0%","Priority Pass Digital","","Transfer to personal Altitude"," Spend Management","2.0","2.0","2.0","2.0","2.0","2.0","2.0","","","700","good"
"U.S. Bank Business Altitude Connect Visa Signature","U.S. Bank","business","95.0","0.0","95.0","travel","U.S. Bank Points","","5 / 4 / 2 / 1","0.5","60000.0","points","600.0","$6000","0.1","6.0","","No","Businesses with regular travel dining and rideshare spend wanting lounge access","Travel-focused business card with 5× Travel Center 4× travel/gas and $25 rideshare credit plus Priority Pass","• 5× Travel Center ✓ • 4× travel gas ($150k/yr) ✓ • 60k bonus ✓ • Priority Pass + 4 free visits ✓ • No FX fee ✓","• $95 after year one 💰 • 4× capped $150k/yr • $25 rideshare needs 3 consecutive months","https://www.usbank.com/business-banking/business-credit-cards/business-altitude-connect-credit-card.html","0%","Priority Pass Digital","","$25 rideshare credit (3mo consecutive)","","1.0","1.0","1.0","1.0","1.0","1.0","1.0","","","700","good"
"U.S. Bank Business Leverage Visa Signature","U.S. Bank","business","95.0","0.0","95.0","travel","U.S. Bank Points","","2 / 1 / 5 travel","0.5","75000.0","points","750.0","$7500","0.1","4.0","","No","Businesses with variable category spend wanting automatic 2× on top two categories","Hands-off business points card that auto-selects your top two spend categories for 2× each month plus Travel Center 5×","• 2× top two categories (auto) ✓ • 5× Travel Center ✓ • 75k bonus ✓ • No FX on international biz ✓","• $95 after year one 💰 • Categories shift monthly • Points expire 5 yr from quarter","https://www.usbank.com/business-banking/business-credit-cards/business-leverage-rewards-credit-card.html","0%","","","2× auto top 2 categories","48 spend categories; ExtendPay","1.0","1.0","1.0","1.0","1.0","1.0","1.0","","","700","good"
"Amex Blue Cash Everyday","Amex","personal","0.0","0.0","0.0","cashback","Cash","","3 / 2 / 1","1.7","200","dollars","200.0","$2,000","0.4","6 months","0% for 15 months","Yes","Grocery and gas spending with no annual fee for everyday Amex benefits","No-fee cash back card targeting grocery shoppers who want Amex benefits without premium cost","• 3% supermarkets, gas (up to $6k/yr) ✓ • 2% department stores • No annual fee ✓","• Foreign transaction fee 🌍 • 3% capped $6k/yr • Excl. Walmart/Target","https://www.americanexpress.com/us/credit-cards/card/blue-cash-everyday/","2.7%","","","3% streaming","Amex Offers","3.0","3.0","3.0","0.0","0.0","0.0","1.0","no","Aer Lingus;Aeromexico;Air Canada;Air France/KLM;ANA;Avianca;British Airways;Cathay Pacific;Delta;Emirates;Etihad;Hawaiian;Iberia;JetBlue;Qantas;Qatar;Singapore;Virgin Atlantic;Hilton;Marriott;Choice","700","good"
"Amex Blue Cash Preferred","Amex","personal","0 intro annual fee for the first year, then 95","0.0","95.0","cashback","Cash","","6 / 3 / 1","2.5","300.0","dollars","300.0","3000","0.6","6","0% for 12 months","Yes","Heavy grocery spenders wanting industry-leading 6% back at supermarkets","Premium grocery cash back card with best-in-class supermarket earning for high grocery spend households","• 6% supermarkets (up to $6k/yr) ✓ • 6% streaming ✓ • First year no fee ✓","• $95 after year one 💰 • 6% capped $6k/yr • Foreign transaction fee 🌍","https://www.americanexpress.com/us/credit-cards/card/blue-cash-preferred/","2.7%","","","6% streaming","Amex Offers","3.0","6.0","3.0","0.0","0.0","0.0","1.0","no","Aer Lingus;Aeromexico;Air Canada;Air France/KLM;ANA;Avianca;British Airways;Cathay Pacific;Delta;Emirates;Etihad;Hawaiian;Iberia;JetBlue;Qantas;Qatar;Singapore;Virgin Atlantic;Hilton;Marriott;Choice","700","good"
"Amex Green","Amex","personal","150.0","150.0","150.0","travel","Membership Rewards (MR)","","","0.5","40000","points","600.0","$3,000","0.2","6","","No","Transit dining and travel spenders wanting Membership Rewards without premium annual fee","Entry Membership Rewards charge card for urban lifestyle and moderate travelers who want points flexibility","• 3× travel, transit, dining ✓ • Transfer to 20+ partners ✓ • CLEAR credit ✓","• $150 annual fee 💰 • Charge card, pay in full • Fewer credits than Gold","https://www.americanexpress.com/us/credit-cards/card/green/","0%","Lounge Collection","","CLEAR credit $189/yr","Transfer to 20+ partners","1.0","1.0","3.0","3.0","3.0","0.0","1.0","","Aer Lingus;Aeromexico;Air Canada;Air France/KLM;ANA;Avianca;British Airways;Cathay Pacific;Delta;Emirates;Etihad;Hawaiian;Iberia;JetBlue;Qantas;Qatar;Singapore;Virgin Atlantic;Hilton;Marriott;Choice","700","good"
"Amex Gold","Amex","personal","325","250.0","250.0","travel","Membership Rewards (MR)","","","0.5","100000","points","600.0","$6,000","0.1","6.0","","No","Dining and grocery spending for travelers who want strong category multipliers and flexible points","Premium dining and grocery card delivering highest earning in key categories with Membership Rewards transfer power","• 4× restaurants, supermarkets ✓ • 3× flights • $120 Uber + $120 dining ✓","• $250 annual fee 💰 • Credits need active use • Charge card, pay in full","https://www.americanexpress.com/us/credit-cards/card/gold-card/","0%","","","$120 Uber + $120 dining credits","Transfer to 20+ partners","1.0","4.0","4.0","3.0","3.0","0.0","1.0","","Aer Lingus;Aeromexico;Air Canada;Air France/KLM;ANA;Avianca;British Airways;Cathay Pacific;Delta;Emirates;Etihad;Hawaiian;Iberia;JetBlue;Qantas;Qatar;Singapore;Virgin Atlantic;Hilton;Marriott;Choice","700","good"
"Amex Platinum","Amex","personal","$895","695.0","695.0","travel","Membership Rewards (MR)","","","0.5","175000","points","800.0","$12,000","0.1","6.0","","No","Luxury travelers wanting premium lounge access elite status and comprehensive travel credits","Flagship premium travel card for frequent flyers prioritizing experience perks and airport lounge access over earning rates","• 5× flights, prepaid hotels ✓ • Centurion + Priority Pass + Sky Club ✓ • $200 hotel + $200 airline ✓","• $695 annual fee 💰 • Credits complex • Needs heavy travel","https://www.americanexpress.com/us/credit-cards/card/platinum/","0%","Centurion + Priority Pass + Sky Club","Yes ($120/4yr)","$200 hotel + $200 airline credits","5× flights and prepaid hotels","1.0","1.0","1.0","5.0","5.0","5.0","1.0","","Aer Lingus;Aeromexico;Air Canada;Air France/KLM;ANA;Avianca;British Airways;Cathay Pacific;Delta;Emirates;Etihad;Hawaiian;Iberia;JetBlue;Qantas;Qatar;Singapore;Virgin Atlantic;Hilton;Marriott;Choice","700","good"
"Barclays JetBlue Premier","Barclays","personal","499.0","499.0","499.0","airline","JetBlue TrueBlue","JetBlue ","6 / 2 / 1","0.5","80000.0","miles","800.0","$5,000","0.16","3.0","","No","JetBlue frequent flyers wanting lounge access and premium perks","Premium JetBlue card with BlueHouse Priority Pass and $300 TrueBlue Travel credits","• 80k + 5 tiles after $5k + AF ✓ • 6× JetBlue ✓ • 2× restaurants, grocery ✓ • BlueHouse + Priority Pass ✓ • GE/TSA ✓","• $499 AF ($150 per AU) 💰 • Best with heavy JetBlue travel • TrueBlue limited","https://cards.barclaycardus.com/banking/cards/jetblue-premier-card/","0%","BlueHouse + Priority Pass Select","Yes ($120/4yr)","$300 TrueBlue Travel credits/yr; Group A boarding","5000 anniversary; 10% points back on Award Flight","2.0","1.0","2.0","6.0","1.0","0.0","1.0","","","700","good"
"Barclays JetBlue Plus","Barclays","personal","99.0","99.0","99.0","airline","JetBlue TrueBlue","JetBlue ","6 / 2 / 1","0.5","70000.0","miles","700.0","$1,000","0.7","3.0","","No","Occasional JetBlue flyers wanting free checked bag and $100 Vacations credit","Mid-tier JetBlue co-brand with 6× JetBlue and anniversary bonus","• 70k after $1k + pay AF ✓ • 6× JetBlue ✓ • 2× restaurants, grocery ✓ • Free bag +3 ✓ • $100 Vacations credit ✓","• $99 annual fee 💰 • Fewer perks than Premier • Best for 2-3 trips/yr","https://cards.barclaycardus.com/banking/cards/jetblue-plus-card/","0%","","","$100 JetBlue Vacations credit/yr; 5000 anniversary","10% points back on Award Flight; Free bag +3 companions","2.0","1.0","2.0","6.0","1.0","0.0","1.0","no","","700","good"
"Barclays Frontier Airlines World Mastercard","Barclays","personal","0 intro annual fee for the first year, then $99 after that","0.0","99.0","airline","Airline Miles","","15 / 3 / 1","0.5","50000.0","miles","500.0","$1,000","0.5","3.0","0% for 15 months balance transfer","No","Budget airline travelers flying Frontier frequently wanting two free bags and Elite Gold","Ultra-low-cost carrier co-brand with two free checked bags $100 anniversary voucher and Instant Elite Gold","• 50k miles after $1k ✓ • 15× flyfrontier.com ✓ • Two free bags ✓ • $100 voucher/yr (spend $2.5k) ✓ • Instant Elite Gold ✓","• Frontier miles low value 📉 • $99 after year one 💰 • Limited route network","https://cards.barclaycardus.com/banking/cards/frontier-airlines-world-mastercard/","0%","","","$100 flight voucher each anniversary ($2.5k spend)","Instant Elite Gold; Two free checked bags; 0% BT 15 mo","1.0","1.0","1.0","5.0","1.0","0.0","1.0","","","700","good"
"Barclays JetBlue Business Card","Barclays","business","99.0","99.0","99.0","airline","JetBlue TrueBlue","JetBlue ","6 / 2 / 1","0.5","60000.0","miles","600.0","$2,000","0.3","3.0","","No","Small businesses flying JetBlue regularly for client meetings or team travel","JetBlue business co-brand with 6× JetBlue 2× restaurants/office supply and Group A boarding","• 60k after $2k + pay AF ✓ • 6× JetBlue ✓ • 2× restaurants, office supply ✓ • Free bag +3 ✓ • Group A boarding ✓","• $99 annual fee 💰 • Best with regular JetBlue travel • TrueBlue limited","https://cards.barclaycardus.com/banking/cards/jetblue-business-card/","0%","","","$100 JetBlue Vacations credit/yr; 5000 anniversary","Group A boarding; 10% points back on Award Flight","2.0","1.0","2.0","6.0","1.0","0.0","1.0","","","700","good"
"Marriott Bonvoy Bevy American Express Card","Amex","personal","250.0","250.0","250.0","hotel","Marriott Bonvoy Points","Marriott ","6 / 4 / 2","0.5","175000","points","333.0","5000","0.333","6","","No","Regular Marriott guests wanting Gold Elite and credits","Mid-premium Marriott Amex with automatic status and anniversary night","• 6× Marriott ✓ • Free night (50k) ✓ • Gold Elite + $150 credits ✓","• $250 annual fee 💰 • Free night caps at 50k • Marriott-only value","https://www.americanexpress.com/us/credit-cards/card/marriott-bonvoy-bevy/","0%","","","Gold Elite + $150 credits","Free night (50k pts)","1.0","1.0","1.0","1.0","6.0","0.0","1.0","","Aer Lingus;Aeromexico;Air Canada;Air France/KLM;ANA;Avianca;British Airways;Cathay Pacific;Delta;Emirates;Etihad;Hawaiian;Iberia;JetBlue;Qantas;Qatar;Singapore;Virgin Atlantic;Hilton;Marriott;Choice","700","good"
"Hilton Honors American Express Aspire Card","Amex","personal","550","450.0","450.0","hotel","Hilton Honors Points","Hilton ","14 / 7 / 3","0.4","175000.0","points","583.0","6000","0.583","6","","No","Frequent Hilton guests seeking Diamond status and resort credits","Premium Hilton card with top-tier status and strong perks package","• Diamond status ✓ • $250 airline + $250 resort ✓ • Priority Pass ✓","• $450 annual fee 💰 • Needs regular Hilton • Lower point value 📉","https://www.americanexpress.com/us/credit-cards/card/hilton-honors-aspire/","0%","Priority Pass","","$250 airline + $250 resort credits","Diamond status","1.0","1.0","1.0","1.0","12.0","0.0","1.0","","Aer Lingus;Aeromexico;Air Canada;Air France/KLM;ANA;Avianca;British Airways;Cathay Pacific;Delta;Emirates;Etihad;Hawaiian;Iberia;JetBlue;Qantas;Qatar;Singapore;Virgin Atlantic;Hilton;Marriott;Choice","700","good"
"American Express Green Card","Amex","personal","150.0","150.0","150.0","travel","Membership Rewards (MR)","","3 / 3 / 1","0.5","40000","points","500.0","$3,000","0.1667","6","","No","Transit and dining spenders wanting Membership Rewards","Entry charge card for lifestyle + travel with clean design","• 3× travel, transit, dining ✓ • CLEAR credit ✓ • Transferable MR ✓","• $150 annual fee 💰 • Charge card, pay in full • Narrower than Gold","https://www.americanexpress.com/us/credit-cards/card/green/","0%","Lounge Collection","","CLEAR credit $189/yr","Transfer to 20+ partners","1.0","1.0","3.0","3.0","3.0","0.0","1.0","","Aer Lingus;Aeromexico;Air Canada;Air France/KLM;ANA;Avianca;British Airways;Cathay Pacific;Delta;Emirates;Etihad;Hawaiian;Iberia;JetBlue;Qantas;Qatar;Singapore;Virgin Atlantic;Hilton;Marriott;Choice","700","good"
"Delta SkyMiles Gold American Express Card","Amex","personal","0.0","99.0","99.0","airline","Delta SkyMiles","Delta ","2 / 1","0.5","50000.0","miles","500.0","$6,000","0.0833","6.0","","No","Moderate Delta flyers wanting free bag and early boarding","Mid-tier Delta card with core perks at accessible fee","• First year free ✓ • Free checked bag ✓ • 2× Delta, restaurants","• $99 after year 1 💰 • Smaller bonus vs Platinum • Best for several Delta/yr","https://www.americanexpress.com/us/credit-cards/card/delta-skymiles-gold/","0%","","","Free checked bag","15% off Delta inflight","1.0","1.0","2.0","2.0","1.0","0.0","1.0","","Aer Lingus;Aeromexico;Air Canada;Air France/KLM;ANA;Avianca;British Airways;Cathay Pacific;Delta;Emirates;Etihad;Hawaiian;Iberia;JetBlue;Qantas;Qatar;Singapore;Virgin Atlantic;Hilton;Marriott;Choice","700","good"
"Hilton Honors American Express Surpass Card","Amex","personal","150.0","150.0","150.0","hotel","Hilton Honors Points","Hilton ","12 / 6 / 3","0.4","150000.0","points","500.0","$1,000","0.5","3.0","","No","Regular Hilton guests seeking high earn rates and automatic Gold status","Mid-tier Hilton card balancing strong multipliers and manageable fee","• 12× Hilton ✓ • 6× groceries, gas, dining ✓ • Gold Elite + weekend night ✓","• $150 annual fee 💰 • Hilton footprint only • Lower point value 📉","https://www.americanexpress.com/us/credit-cards/card/hilton-surpass/","0%","","","Gold Elite + weekend night","6× groceries gas dining","1.0","1.0","1.0","1.0","12.0","0.0","1.0","","Aer Lingus;Aeromexico;Air Canada;Air France/KLM;ANA;Avianca;British Airways;Cathay Pacific;Delta;Emirates;Etihad;Hawaiian;Iberia;JetBlue;Qantas;Qatar;Singapore;Virgin Atlantic;Hilton;Marriott;Choice","700","good"
"Marriott Bonvoy Brilliant American Express Card","Amex","personal","650.0","650.0","650.0","hotel","Marriott Bonvoy Points","Marriott ","6 / 3 / 2","0.5","200000","points","616.0","6000","0.616","6","","No","Heavy Marriott travelers wanting Platinum Elite and luxury credits","Premium Marriott Amex with top-tier status and statement credits","• Platinum Elite ✓ • $300 Marriott credit ✓ • Free night (85k) ✓","• $650 annual fee 💰 • Best for frequent Marriott • Free night strong value","https://www.americanexpress.com/us/credit-cards/card/marriott-bonvoy-brilliant/","0%","Priority Pass (unlimited)","Yes ($120/4yr)","$300 Marriott credit","Free night (85k pts)","1.0","1.0","1.0","1.0","6.0","0.0","1.0","","Aer Lingus;Aeromexico;Air Canada;Air France/KLM;ANA;Avianca;British Airways;Cathay Pacific;Delta;Emirates;Etihad;Hawaiian;Iberia;JetBlue;Qantas;Qatar;Singapore;Virgin Atlantic;Hilton;Marriott;Choice","700","good"
"Delta SkyMiles Platinum American Express Card","Amex","personal","350.0","350.0","350.0","airline","Delta SkyMiles","Delta ","3 / 1","0.5","70000.0","miles","700.0","$8,000","0.0875","6.0","","No","Frequent Delta flyers needing companion certificate and lounge access","Premium Delta card with strong perks for regular SkyMiles flyers","• Companion certificate ✓ • Sky Club access ✓ • Free bags ✓","• $350 annual fee 💰 • Companion cert restrictions • Best for frequent Delta","https://www.americanexpress.com/us/credit-cards/card/delta-skymiles-platinum/","0%","Sky Club (when flying Delta)","","Companion certificate","Free checked bags","1.0","1.0","2.0","2.0","1.0","0.0","1.0","","Aer Lingus;Aeromexico;Air Canada;Air France/KLM;ANA;Avianca;British Airways;Cathay Pacific;Delta;Emirates;Etihad;Hawaiian;Iberia;JetBlue;Qantas;Qatar;Singapore;Virgin Atlantic;Hilton;Marriott;Choice","700","good"
"Hilton Honors American Express Business Card","Amex","business","195.0","195.0","195.0","hotel","Hilton Honors Points","Hilton ","12 / 5 / 3","0.4","150000.0","points","500.0","$1,000","0.5","3.0","","No","Small businesses with Hilton stays wanting Gold status and credits","Business Hilton card with $240 credit Gold status and path to Diamond","• 12× Hilton ✓ • $240 Hilton credit ($60/qtr) ✓ • Gold Elite ✓ • Diamond at $40k spend ✓ • No FX fee ✓","• $195 annual fee 💰 • Lower point value 📉 • Best with Hilton travel","https://www.americanexpress.com/us/credit-cards/business/business-credit-cards/hilton-honors/","0%","","","$240 Hilton credit ($60/qtr)","National Emerald Club Executive; Diamond at $40k","1.0","1.0","1.0","1.0","12.0","0.0","1.0","","Aer Lingus;Aeromexico;Air Canada;Air France/KLM;ANA;Avianca;British Airways;Cathay Pacific;Delta;Emirates;Etihad;Hawaiian;Iberia;JetBlue;Qantas;Qatar;Singapore;Virgin Atlantic;Hilton;Marriott;Choice","700","good"
"Marriott Bonvoy Business American Express Card","Amex","business","125.0","125.0","125.0","hotel","Marriott Bonvoy Points","Marriott ","6 / 4 / 2","0.5","100000.0","points","333.0","$1,000","0.333","3.0","","No","Businesses with Marriott stays seeking Gold Elite and 7% room discount","Mid-tier Marriott business card with Gold status 7% Amex rate and dual free nights","• 6× Marriott ✓ • 4× restaurants gas wireless shipping ✓ • Free night (35k) ✓ • Gold Elite ✓ • 7% room discount ✓ • No FX fee ✓","• $125 annual fee 💰 • Free night caps at 35k • Marriott loyalty needed","https://www.americanexpress.com/us/credit-cards/business/business-credit-cards/amex-marriott-bonvoy-business-credit-card/","0%","","","7% room discount; 15 Elite Night Credits","2nd free night after $60k; Air+Car transfer","1.0","1.0","1.0","1.0","6.0","0.0","1.0","","Aer Lingus;Aeromexico;Air Canada;Air France/KLM;ANA;Avianca;British Airways;Cathay Pacific;Delta;Emirates;Etihad;Hawaiian;Iberia;JetBlue;Qantas;Qatar;Singapore;Virgin Atlantic;Hilton;Marriott;Choice","700","good"
"Delta SkyMiles Gold Business American Express Card","Amex","business","150.0","0.0","150.0","airline","Delta SkyMiles","Delta ","2 / 2 / 1","0.5","60000.0","miles","600.0","$6,000","0.1","6.0","","No","Small businesses with moderate Delta travel wanting $200 flight credit","Entry-mid Delta business card with $200 credit $150 Delta Stays and free first year","• First year free ✓ • $200 Delta credit after $10k ✓ • $150 Delta Stays ✓ • Free bag ✓ • 15% Award Travel ✓ • No FX fee ✓","• $150 after year 1 💰 • Credits need Delta use • Best for several Delta/yr","https://www.americanexpress.com/en-us/business/credit-cards/delta-skymiles-gold/","0%","","","$200 Delta credit ($10k spend)","$150 Delta Stays; 20% inflight","1.0","1.0","2.0","2.0","1.0","0.0","1.0","","Aer Lingus;Aeromexico;Air Canada;Air France/KLM;ANA;Avianca;British Airways;Cathay Pacific;Delta;Emirates;Etihad;Hawaiian;Iberia;JetBlue;Qantas;Qatar;Singapore;Virgin Atlantic;Hilton;Marriott;Choice","700","good"
"Delta SkyMiles Platinum Business American Express Card","Amex","business","350.0","350.0","350.0","airline","Delta SkyMiles","Delta ","3 / 1.5 / 1","0.5","90000.0","miles","900.0","$8,000","0.1125","6.0","","No","Frequent Delta business travelers seeking companion certificate and MQD boost","Premium Delta business card with Companion Certificate GE/TSA and $400+ in credits","• Companion certificate ✓ • GE/TSA credit ✓ • $120 Resy + $120 Rideshare + $200 Delta Stays ✓ • MQD Headstart $2.5k ✓ • Free bags ✓ • No FX fee ✓","• $350 annual fee 💰 • Companion cert restrictions • Best for regular Delta travel","https://www.americanexpress.com/en-us/business/credit-cards/delta-skymiles-platinum/","0%","","","Companion cert; GE/TSA credit","$120 Resy + $120 Rideshare + $200 Delta Stays","1.0","1.0","2.0","2.0","1.0","0.0","1.0","","Aer Lingus;Aeromexico;Air Canada;Air France/KLM;ANA;Avianca;British Airways;Cathay Pacific;Delta;Emirates;Etihad;Hawaiian;Iberia;JetBlue;Qantas;Qatar;Singapore;Virgin Atlantic;Hilton;Marriott;Choice","700","good"
"The Business Platinum Card from American Express","Amex","business","695.0","695.0","695.0","travel","Membership Rewards (MR)","","","0.5","150000.0","points","1500.0","$8,000","0.1875","6.0","","No","High-spend businesses needing premium travel benefits and credits","Flagship Amex business card with luxury perks and flexible points","• 1.5× on $5k+ purchases ✓ • Dell, Adobe, Indeed credits ✓ • Centurion + lounges ✓ • Doesn't count 5/24","• $695 annual fee 💰 • Credits need optimization • Best for heavy biz travel","https://www.americanexpress.com/us/credit-cards/business/business-credit-cards/american-express-business-platinum-credit-card-amex/","0%","Centurion + Priority Pass + others","Yes ($120/4yr)","Dell Adobe Indeed credits","1.5× on $5k+ purchases","1.0","1.0","1.0","5.0","5.0","5.0","1.0","","Aer Lingus;Aeromexico;Air Canada;Air France/KLM;ANA;Avianca;British Airways;Cathay Pacific;Delta;Emirates;Etihad;Hawaiian;Iberia;JetBlue;Qantas;Qatar;Singapore;Virgin Atlantic;Hilton;Marriott;Choice","700","good"
"Blue Business Plus Credit Card from American Express","Amex","business","0.0","0.0","0.0","travel","Membership Rewards (MR)","","2","0.5","15000.0","points","150.0","$3,000","0.05","3.0","","No","Small businesses wanting no-fee Membership Rewards earning","Entry business card with flat Membership Rewards and no annual fee","• No annual fee ✓ • 2× on all (up to $50k/yr) ✓ • Transferable MR ✓ • Doesn't count 5/24","• 2× capped at $50k/yr • Lower bonus • No premium perks","https://www.americanexpress.com/us/credit-cards/business/business-credit-cards/american-express-blue-business-plus-credit-card-amex/","0%","","","2× up to $50k/yr","Expanded Buying Power","2.0","2.0","2.0","2.0","2.0","0.0","2.0","","Aer Lingus;Aeromexico;Air Canada;Air France/KLM;ANA;Avianca;British Airways;Cathay Pacific;Delta;Emirates;Etihad;Hawaiian;Iberia;JetBlue;Qantas;Qatar;Singapore;Virgin Atlantic;Hilton;Marriott;Choice","700","good"
"Business Gold Card from American Express","Amex","business","375.0","375.0","375.0","travel","Membership Rewards (MR)","","4 / 3 / 1","0.5","70000.0","points","700.0","$10,000","0.07","3.0","","No","Businesses with concentrated spend in two categories wanting 4× plus FedEx Grubhub Office Supply credits","Business Gold with 4× on top 2 of 6 categories 3× AmexTravel and up to $395 annual credits","• 4× top 2 categories (advertising electronics restaurants gas transit wireless) ✓ • 3× AmexTravel ✓ • $240 FedEx Grubhub Office Supply ✓ • $155 Walmart+ ✓ • No FX fee ✓","• $375 annual fee 💰 • Top 2 categories change by billing cycle • Credits need enrollment","https://www.americanexpress.com/us/credit-cards/business/business-credit-cards/american-express-business-gold-card-amex/","0%","","","$240 FedEx Grubhub Office Supply credit","$155 Walmart+ credit","4.0","4.0","4.0","3.0","3.0","0.0","1.0","","Aer Lingus;Aeromexico;Air Canada;Air France/KLM;ANA;Avianca;British Airways;Cathay Pacific;Delta;Emirates;Etihad;Hawaiian;Iberia;JetBlue;Qantas;Qatar;Singapore;Virgin Atlantic;Hilton;Marriott;Choice","700","good"
"Breeze Easy Visa","Barclays","personal","89.0","89.0","89.0","airline","BreezePoints","","10 / 4 / 2 / 1","0.5","30000","points","300.0","$1,000","0.3","3.0","0% for 12 months balance transfer","No","Breeze Airways flyers in select markets wanting BreezePoints and Breezy 1 benefits","Breeze co-brand with up to 10× on Nicer/Nicest Bundles 2× grocery/restaurants and 7.5k anniversary","• 30k BreezePoints ($300) ✓ • 10× Nicer/Nicest 4× Nice 2× grocery/restaurants ✓ • 7500 anniversary ✓ • No FX fee ✓","• $89 annual fee 💰 • Breeze routes only • BreezePoints redeem Breeze only","https://cards.barclaycardus.com/banking/cards/breeze-airways/","0%","","","7500 BreezePoints anniversary; Breezy 1 + Bundle Upgrade","2× grocery & restaurants; Free inflight WiFi","1.0","1.0","1.0","5.0","1.0","0.0","1.0","","","700","good"
"Wells Fargo Signify Business Cash","Wells Fargo","business","0.0","0.0","0.0","cashback","Cash","","2","2.0","500.0","dollars","500.0","$5,000","0.1","3.0","0% for 12 months","","Businesses wanting simple unlimited 2% cash back with no annual fee","Unlimited 2% cash back no caps; $500 bonus; rewards don't expire; Priority Pass; employee cards no fee.","• 2% on all business ✓ • $500 bonus ($5k in 3 mo) ✓ • No annual fee ✓ • Priority Pass (pay per visit) ✓ • Rewards don't expire ✓","• $5k spend for bonus • No category bonuses • Statement credit only • Lounge fees apply","https://creditcards.wellsfargo.com/business-credit-cards/signify-business-cash-credit-card/","","Priority Pass (pay per visit; fees apply)","","$500 bonus when you spend $5k in first 3 months","0% intro APR 12 mo; Employee cards no extra cost; Travel Accident $250k; MasterRental","0.0","0.0","0.0","0.0","0.0","0.0","2.0","","","700","good"
"Wells Fargo Choice Privileges Select Mastercard","Wells Fargo","personal","95.0","95.0","95.0","hotel","Choice Privileges","Choice ","10 / 5 / 1","0.5","60000.0","points","600.0","$3,000","0.2","3.0","","No","Choice Hotels loyalists wanting Platinum Elite and strong category earning","Premium Choice co-brand with 10× at Choice and 30k anniversary bonus","• 60k pts after $3k ✓ • 10× Choice ✓ • 30k anniversary + Platinum Elite ✓ • No FX fee ✓","• $95 annual fee 💰 • 15-mo Choice rule • Economy brands only","https://creditcards.wellsfargo.com/wells-fargo-choice-privileges-credit-cards/","0%","","","30k anniversary pts; Platinum Elite; 20 Elite Nights","GE/TSA $120/4yr; Cell phone $800","1.0","1.0","1.0","1.0","5.0","0.0","1.0","","","700","good"
"Wells Fargo Choice Privileges Mastercard","Wells Fargo","personal","0.0","0.0","0.0","hotel","Choice Privileges","Choice ","5 / 3 / 1","0.5","40000","points","600.0","$1,000","0.6","3.0","","No","Choice Hotels guests wanting no-fee earning and Gold Elite","No-fee Choice co-brand with solid category multipliers","• 60k pts after $1k ✓ • 5× Choice ✓ • Gold Elite • No annual fee ✓ • No FX fee ✓","• 15-mo Choice rule • Lower earn than Select • Economy brands","https://creditcards.wellsfargo.com/wells-fargo-choice-privileges-credit-cards/","0%","","","Gold Elite; 10 Elite Qualifying Nights","Cell phone protection $800","1.0","1.0","1.0","1.0","5.0","0.0","1.0","","","700","good"
"Wells Fargo One Key+ Card","Wells Fargo","personal","99.0","99.0","99.0","travel","Wells Fargo Rewards","","3 / 3 / 2","0.5","350.0","dollars","350.0","$3,000","0.1167","3.0","","No","Expedia Hotels.com Vrbo bookers wanting premium OneKeyCash earning","Premium One Key card with 3× on Expedia group and $100 annual OneKeyCash","• 3× Expedia, Hotels.com, Vrbo ✓ • $350 + $100/yr OneKeyCash ✓ • Gold tier ✓ • No FX fee ✓","• $99 annual fee 💰 • OneKeyCash Expedia only • 48-mo One Key rule","https://creditcards.wellsfargo.com/one-key-plus-credit-card/","0%","","","$100 OneKeyCash anniversary; Gold tier (Platinum at $30k)","GE/TSA $120/4yr; Cell phone $1000","1.0","1.0","1.0","1.0","3.0","0.0","1.0","","","700","good"
"Wells Fargo One Key Card","Wells Fargo","personal","0.0","0.0","0.0","travel","Wells Fargo Rewards","","3 / 3 / 1.5","0.5","250.0","dollars","250.0","$1,000","0.25","3.0","","No","Expedia Hotels.com Vrbo bookers wanting no-fee OneKeyCash earning","No-fee One Key card for Expedia group travel rewards","• 3× Expedia group ✓ • $250 OneKeyCash ✓ • No annual fee ✓ • No FX fee ✓","• OneKeyCash Expedia only • 48-mo One Key rule • Lower than One Key+","https://creditcards.wellsfargo.com/one-key-credit-card/","0%","","","Silver tier; Gold at $15k spend/yr","Cell phone protection $1000","1.0","1.0","1.0","1.0","3.0","0.0","1.0","","","700","good"
"Wells Fargo Autograph Card","Wells Fargo","personal","0.0","0.0","0.0","travel","Wells Fargo Rewards","","3 / 1","0.5","20000.0","points","200.0","$1,000","0.2","3.0","0% for 12 months","No","Travel dining gas transit streaming and phone spenders wanting no annual fee","No-fee 3× card for restaurants travel gas transit streaming phone plans","• 3× travel, dining, gas, streaming, phone ✓ • 20k pts ($200) ✓ • No annual fee ✓ • No FX fee ✓","• 48-mo bonus rule • 6-mo WF rule • Partners weaker vs Chase/Amex 📉","https://creditcards.wellsfargo.com/autograph-visa-credit-card/","0%","","","3× restaurants travel gas transit streaming phone","Cell phone protection $600; 0% intro 12 mo","3.0","3.0","3.0","3.0","3.0","0.0","1.0","","","700","good"
"Wells Fargo Autograph Journey Card","Wells Fargo","personal","95.0","95.0","95.0","travel","Wells Fargo Rewards","","5 / 4 / 3 / 1","0.5","60000.0","points","600.0","$4,000","0.15","3.0","","No","Frequent travelers wanting strong hotel and airline multipliers with manageable annual fee","Premium travel card with 5× hotels 4× airlines and $50 airline credit","• 5× hotels, 4× airlines ✓ • 60k pts ($600) ✓ • $50 airline credit ✓ • No FX fee ✓","• $95 annual fee 💰 • 48-mo bonus rule • $50 credit needs $50+ airline","https://creditcards.wellsfargo.com/autograph-journey-visa-credit-card/","0%","","","$50 airline credit (min $50 purchase)","Cell phone $1000; Trip cancellation coverage","3.0","3.0","3.0","4.0","5.0","0.0","1.0","","","700","good"
"Capital One Platinum Secured","Capital One","secured","0.0","0.0","0.0","secured","None","Platinum","0","0.0","","","","$49, $99 or $200 minimum refundable deposit","","","","No","Building or rebuilding credit with a secured card and refundable deposit","Secured card focused on credit building with no annual fee and potential lower deposit tiers, designed for users with limited or damaged credit histories","• No annual fee ✓ • No foreign transaction fees ✓ • Refundable security deposit ✓","• No rewards • Requires upfront deposit • APR typically high for secured cards","https://www.capitalone.com/credit-cards/platinum-secured/","0%","","","Refundable security deposit","Potential lower deposit tiers","0.0","0.0","0.0","0.0","0.0","0.0","0.0","no","","580","poor"
"Capital One Quicksilver Student","Capital One","student","0.0","0.0","0.0","cashback","Cash","Quicksilver","1.5","1.5","50.0","dollars","50.0","$100","0.5","3.0","","No","Students who want simple unlimited cash back and no foreign transaction fees","Straightforward student rewards card with 1.5% cash back on all purchases and a low-spend welcome bonus, plus no foreign transaction fees for travel and study abroad","• Unlimited 1.5% cash back ✓ • $50 bonus after $100 spend ✓ • No foreign transaction fees ✓","• No big category bonuses • No intro APR • Limited premium perks","https://www.capitalone.com/credit-cards/quicksilver-student/","0%","","","Rewards don't expire","$0 Fraud Liability","1.5","1.5","1.5","1.5","1.5","1.5","1.5","no","","640","ok"
"Capital One Savor Student","Capital One","student","0.0","0.0","0.0","cashback","Cash","Savor","3 / 1","2.0","50.0","dollars","50.0","$100","0.5","3.0","","No","Students with heavy dining grocery entertainment and streaming spend","Strong student cash back for common campus categories, offering 3% on dining, grocery stores, entertainment and popular streaming services, plus no foreign transaction fees","• 3% dining grocery entertainment streaming ✓ • $50 bonus after $100 spend ✓ • No foreign transaction fees ✓","• 1% outside categories • Grocery excludes some superstores • No intro APR","https://www.capitalone.com/credit-cards/savor-student/","0%","","","Capital One Entertainment elevated earn","$0 Fraud Liability","1.0","3.0","3.0","1.0","1.0","1.0","1.0","no","","640","ok"
"Discover it Student Cash Back","Discover","student","0.0","0.0","0.0","cashback","Cash","Discover it","5 / 1","1.5","","","","","","","0% for 6 months","Yes","Students who want rotating 5% categories plus first-year Cashback Match","Student version of Discover it Cash Back with 5% rotating categories (activation required) and first-year Cashback Match, with no annual fee and no credit score required to apply","• 5% rotating categories (activation) ✓ • Cashback Match (first year) ✓ • No annual fee ✓","• Foreign transaction fee 🌍 • Quarterly activation required • Category cap applies","https://www.discover.com/credit-cards/student-credit-card/it-card.html","3%","","","Cashback Match (first year, no minimum)","No credit score required to apply","1.0","1.0","1.0","1.0","1.0","1.0","1.0","yes","","600","ok"
"Discover it Secured","Discover","secured","0.0","0.0","0.0","secured","Cash","Discover it","2 / 1","1.33","","","","$200 deposit","","","","Yes","Building or rebuilding credit with a secured card that still earns cash back","Secured card that earns rewards: 2% at gas stations and restaurants (up to $1,000 per quarter) and 1% on all other purchases, plus first-year Cashback Match and a path to upgrade with deposit return","• Earn rewards on a secured card ✓ • Cashback Match (first year) ✓ • Deposit refund path ✓","• Foreign transaction fee 🌍 • Requires refundable deposit • Quarterly cap on 2% category","https://www.discover.com/credit-cards/secured-credit-card/","3%","","","Refundable deposit (min $200)","Automatic monthly reviews starting month 7","2.0","1.0","2.0","1.0","1.0","1.0","1.0","no","","580","poor"
"Discover it Student Chrome","Discover","student","0.0","0.0","0.0","cashback","Cash","Discover it","2 / 1","1.33","","","","","","","0% for 6 months","Yes","Students who want automatic gas and restaurant bonuses plus first-year Cashback Match","Student Chrome earns 2% cash back at gas stations and restaurants (up to $1,000 combined per quarter) and 1% on all other purchases, plus first-year Cashback Match and no annual fee","• 2% gas and restaurants (cap) ✓ • Cashback Match (first year) ✓ • No annual fee ✓","• Foreign transaction fee 🌍 • Quarterly cap on 2% • Only 1% outside bonus categories","https://www.discover.com/credit-cards/student-credit-card/chrome-card.html","3%","","","Cashback Match (first year, no minimum)","No credit score required to apply","2.0","1.0","2.0","1.0","1.0","1.0","1.0","no","","600","ok"
"Discover it Cash Back","Discover","personal","0.0","0.0","0.0","cashback","Cash","Discover it","5 / 1","1.5","","","","","","","0% for 15 months","Yes","Maximizing rotating 5% categories with first-year Cashback Match","Rotating 5% categories (activation required) plus automatic first-year Cashback Match with no purchase minimums, and $0 annual fee","• 5% rotating categories (activation) ✓ • Cashback Match (first year) ✓ • No annual fee ✓","• Foreign transaction fee 🌍 • Quarterly activation required • Category cap applies","https://www.discover.com/credit-cards/cash-back/it-card.html","3%","","","Cashback Match (first year, no minimum)","0% intro APR 15 months purchases and balance transfers","1.0","1.0","1.0","1.0","1.0","1.0","1.0","yes","","690","good"
"Discover it Miles","Discover","personal","0.0","0.0","0.0","travel","Miles","Discover it","1.5","1.5","","","","","","","0% for 15 months","Yes","Simple 1.5x miles on everything with first-year Discover Match","Unlimited 1.5x Miles on all purchases plus automatic first-year Discover Match (no minimum spending), and redemptions can be travel statement credits or cash","• Unlimited 1.5x miles ✓ • Discover Match (first year) ✓ • No annual fee ✓","• Foreign transaction fee 🌍 • Not transferable to airline partners • Value depends on redemption","https://www.discover.com/credit-cards/travel/","3%","","","Discover Match (first year, no minimum)","Redeem as travel statement credit or cash","1.5","1.5","1.5","1.5","1.5","1.5","1.5","no","","690","good"
"Discover it Chrome","Discover","personal","0.0","0.0","0.0","cashback","Cash","Discover it","2 / 1","1.33","","","","","","","0% for 15 months","Yes","Gas and restaurant spenders who want automatic bonuses and first-year Cashback Match","Automatically earns 2% at gas stations and restaurants on up to $1,000 combined per quarter plus 1% elsewhere, with automatic first-year Cashback Match and $0 annual fee","• 2% gas and restaurants (cap) ✓ • Cashback Match (first year) ✓ • No annual fee ✓","• Foreign transaction fee 🌍 • Quarterly cap on 2% • Only 1% outside bonus categories","https://www.discover.com/credit-cards/cash-back/chrome.html","3%","","","Cashback Match (first year, no minimum)","2% gas and restaurants up to $1,000 per quarter","2.0","1.0","2.0","1.0","1.0","1.0","1.0","no","","690","good"
"Ink Business Cash Credit Card","Chase","business","0.0","0.0","0.0","cashback","Ultimate Rewards (UR)","Ink ","5 / 2 / 1","2.0","750","dollars","750.0","$6,000","0.125","3.0","0% for 12 months","Yes","Businesses with heavy office supply internet cable and phone spend","No-fee business card with 5% on key business categories and Ultimate Rewards flexibility","• 5% office supplies, internet, phone ✓ • 2% gas, dining ✓ • No annual fee ✓ • UR flexibility ✓","• 5% capped at $25k/yr • Foreign transaction fee 🌍 • 2% capped at $25k/yr","https://creditcards.chase.com/business-credit-cards/ink/cash","3%","","","Employee cards free","Auto rental insurance","2.0","1.0","2.0","1.0","1.0","1.0","1.0","no","United;Southwest;JetBlue;Air Canada;British Airways;Iberia;Aer Lingus;Virgin Atlantic;Flying Blue;Emirates;Singapore;Hyatt;Marriott;IHG","700","good"
"Ink Business Unlimited Credit Card","Chase","business","0.0","0.0","0.0","cashback","Ultimate Rewards (UR)","Ink ","1.5","1.5","750","dollars","750.0","$6,000","0.125","3.0","0% for 12 months","Yes","Businesses wanting flat-rate unlimited cash back with UR flexibility","Flat-rate business card with strong welcome bonus and no annual fee","• 1.5% unlimited on everything ✓ • $750 bonus ✓ • No annual fee ✓ • Pairs with Ink Preferred ✓","• Foreign transaction fee 🌍 • No bonus categories • Needs Sapphire/Ink Preferred for transfers","https://creditcards.chase.com/business-credit-cards/ink/unlimited","3%","","","Employee cards free","Auto rental insurance","1.5","1.5","1.5","1.5","1.5","1.5","1.5","no","United;Southwest;JetBlue;Air Canada;British Airways;Iberia;Aer Lingus;Virgin Atlantic;Flying Blue;Emirates;Singapore;Hyatt;Marriott;IHG","700","good"
"Capital One Savor Cash Rewards","Capital One","personal","95.0","95.0","95.0","cashback","Cash","Savor","4 / 4 / 3 / 1","2.5","300.0","dollars","300.0","$3,000","0.1","3.0","","No","Dining entertainment and grocery heavy spenders who want premium cash back","Highest flat-rate cash back on dining and entertainment among non-annual-fee-waived cards","• 4% dining and entertainment ✓ • 3% grocery ✓ • 3% streaming ✓ • No FTF ✓","• $95 annual fee 💰 • 1% on non-category • No transfer partners","https://www.capitalone.com/credit-cards/savor-dining-rewards/","0%","","","Capital One Entertainment access","Complimentary DoorDash DashPass","1.0","3.0","4.0","1.0","1.0","1.0","1.0","no","","700","good"
"Bilt Mastercard","Bilt","personal","0.0","0.0","0.0","points","Bilt Points","Bilt","3 / 2 / 1","1.5","0","points","0","$0","0","0","","No","Renters who want to earn points on rent with premium transfer partners","Only credit card that earns points on rent payments with no fees and strong transfer partners","• 1x rent (no fee) ✓ • 3x dining ✓ • 2x travel ✓ • Premium transfer partners ✓ • No annual fee ✓","• Must make 5 transactions/mo to earn points • No traditional signup bonus • Rent cap 100k pts/yr","https://www.biltrewards.com/card","0%","","","1x on rent up to 100k pts/yr","Bilt Dining; Lyft status","1.0","2.0","3.0","2.0","2.0","1.0","1.0","no","American Airlines;United;Air Canada;Air France/KLM;Turkish;Emirates;Cathay Pacific;Virgin Atlantic;Hyatt;IHG;Marriott","700","good"
"US Bank Altitude Reserve","US Bank","personal","400.0","400.0","400.0","points","Altitude Points","Altitude","3 / 1","2.0","50000","points","750.0","$4,500","0.1667","3.0","","No","Mobile wallet power users who want 3x on all tap-to-pay purchases","Only premium card offering 3x points on all mobile wallet purchases regardless of category","• 3× mobile wallet everywhere ✓ • $325 annual travel credit ✓ • Priority Pass ✓ • Real-time rewards ✓","• $400 annual fee 💰 • US Bank relationship preferred • Fewer transfer partners","https://www.usbank.com/credit-cards/altitude-reserve-visa-infinite-credit-card.html","0%","Priority Pass","Yes ($100/4yr)","$325 annual travel credit","3x on all Apple Pay / Google Pay","3.0","3.0","3.0","3.0","3.0","1.0","1.0","no","Air Canada;Avianca;British Airways;Emirates;Finnair;GHA Discovery;Singapore","740","great"
